x-axis,1,2
second,Volt,Volt
-279.0000E-03,-96.4824E-03,-12.3903395E+00
-278.5000E-03,-96.4824E-03,-12.3380782E+00
-278.0000E-03,-96.4824E-03,-12.3903395E+00
-277.5000E-03,-98.4925E-03,-12.2858168E+00
-277.0000E-03,-96.4824E-03,-12.1812942E+00
-276.5000E-03,-100.5025E-03,-12.1290329E+00
-276.0000E-03,-100.5025E-03,-12.0767716E+00
-275.5000E-03,-100.5025E-03,-12.1225003E+00
-275.0000E-03,-104.5226E-03,-11.9722490E+00
-274.5000E-03,-102.5126E-03,-11.9722490E+00
-274.0000E-03,-104.5226E-03,-11.8677264E+00
-273.5000E-03,-102.5126E-03,-11.8089324E+00
-273.0000E-03,-100.5025E-03,-11.7632038E+00
-272.5000E-03,-100.5025E-03,-11.7109425E+00
-272.0000E-03,-96.4824E-03,-11.7566711E+00
-271.5000E-03,-96.4824E-03,-11.6586812E+00
-271.0000E-03,-100.2513E-03,-11.5541585E+00
-270.5000E-03,-96.4824E-03,-11.5541585E+00
-270.0000E-03,-92.4623E-03,-11.5541585E+00
-269.5000E-03,-94.2211E-03,-11.5018972E+00
-269.0000E-03,-92.4623E-03,-11.5476259E+00
-268.5000E-03,-88.4422E-03,-11.3451133E+00
-268.0000E-03,-92.4623E-03,-11.2405907E+00
-267.5000E-03,-90.2010E-03,-11.1883294E+00
-267.0000E-03,-88.4422E-03,-11.2340580E+00
-266.5000E-03,-88.4422E-03,-11.1883294E+00
-266.0000E-03,-88.1910E-03,-11.1295354E+00
-265.5000E-03,-84.4221E-03,-11.0838068E+00
-265.0000E-03,-84.4221E-03,-10.9270228E+00
-264.5000E-03,-84.4221E-03,-11.0315455E+00
-264.0000E-03,-80.4020E-03,-10.9204902E+00
-263.5000E-03,-80.4020E-03,-10.8682289E+00
-263.0000E-03,-80.4020E-03,-10.9204902E+00
-262.5000E-03,-80.4020E-03,-10.8225002E+00
-262.0000E-03,-80.1508E-03,-10.7245103E+00
-261.5000E-03,-76.3819E-03,-10.7179776E+00
-261.0000E-03,-76.3819E-03,-10.7179776E+00
-260.5000E-03,-76.3819E-03,-10.6199877E+00
-260.0000E-03,-76.3819E-03,-10.6199877E+00
-259.5000E-03,-76.3819E-03,-10.6134550E+00
-259.0000E-03,-68.3417E-03,-10.6134550E+00
-258.5000E-03,-72.3618E-03,-10.5089324E+00
-258.0000E-03,-68.3417E-03,-10.5089324E+00
-257.5000E-03,-70.3518E-03,-10.4632037E+00
-257.0000E-03,-68.3417E-03,-10.5089324E+00
-256.5000E-03,-68.3417E-03,-10.4044098E+00
-256.0000E-03,-68.0905E-03,-10.2018972E+00
-255.5000E-03,-64.3216E-03,-10.3521485E+00
-255.0000E-03,-68.0905E-03,-10.2018972E+00
-254.5000E-03,-62.0603E-03,-10.2541585E+00
-254.0000E-03,-60.3015E-03,-10.2018972E+00
-253.5000E-03,-62.0603E-03,-10.2476258E+00
-253.0000E-03,-60.3015E-03,-10.0908419E+00
-252.5000E-03,-62.3116E-03,-10.0973746E+00
-252.0000E-03,-56.2814E-03,-10.0973746E+00
-251.5000E-03,-58.2915E-03,-10.1496359E+00
-251.0000E-03,-56.2814E-03,-9.9863193E+00
-250.5000E-03,-54.0201E-03,-9.9863193E+00
-250.0000E-03,-52.2613E-03,-10.0908419E+00
-249.5000E-03,-54.0201E-03,-9.9340580E+00
-249.0000E-03,-52.2613E-03,-9.9863193E+00
-248.5000E-03,-52.2613E-03,-9.9405907E+00
-248.0000E-03,-52.2613E-03,-9.8817967E+00
-247.5000E-03,-52.2613E-03,-9.8817967E+00
-247.0000E-03,-52.2613E-03,-9.8883294E+00
-246.5000E-03,-50.2513E-03,-9.8817967E+00
-246.0000E-03,-48.2412E-03,-9.7838067E+00
-245.5000E-03,-46.2312E-03,-9.7772741E+00
-245.0000E-03,-44.2211E-03,-9.7772741E+00
-244.5000E-03,-44.2211E-03,-9.7315454E+00
-244.0000E-03,-43.9698E-03,-9.6727515E+00
-243.5000E-03,-44.2211E-03,-9.6727515E+00
-243.0000E-03,-40.2010E-03,-9.6792841E+00
-242.5000E-03,-39.9497E-03,-9.6727515E+00
-242.0000E-03,-36.1809E-03,-9.6727515E+00
-241.5000E-03,-37.9397E-03,-9.6204901E+00
-241.0000E-03,-36.1809E-03,-9.5682288E+00
-240.5000E-03,-36.1809E-03,-9.6727515E+00
-240.0000E-03,-36.1809E-03,-9.5682288E+00
-239.5000E-03,-36.1809E-03,-9.5225002E+00
-239.0000E-03,-32.1608E-03,-9.5682288E+00
-238.5000E-03,-34.1709E-03,-9.5682288E+00
-238.0000E-03,-28.1407E-03,-9.4702389E+00
-237.5000E-03,-32.1608E-03,-9.4637062E+00
-237.0000E-03,-28.1407E-03,-9.4637062E+00
-236.5000E-03,-27.8894E-03,-9.4114449E+00
-236.0000E-03,-27.8894E-03,-9.4637062E+00
-235.5000E-03,-28.1407E-03,-9.4637062E+00
-235.0000E-03,-24.1206E-03,-9.4637062E+00
-234.5000E-03,-24.1206E-03,-9.4637062E+00
-234.0000E-03,-24.1206E-03,-9.3591836E+00
-233.5000E-03,-22.1106E-03,-9.4114449E+00
-233.0000E-03,-20.1005E-03,-9.4637062E+00
-232.5000E-03,-20.1005E-03,-9.4637062E+00
-232.0000E-03,-20.1005E-03,-9.4637062E+00
-231.5000E-03,-17.8392E-03,-9.3591836E+00
-231.0000E-03,-19.8492E-03,-9.3591836E+00
-230.5000E-03,-14.0704E-03,-9.3591836E+00
-230.0000E-03,-16.0804E-03,-9.3657163E+00
-229.5000E-03,-14.0704E-03,-9.4114449E+00
-229.0000E-03,-15.8291E-03,-9.3591836E+00
-228.5000E-03,-10.0503E-03,-9.3134550E+00
-228.0000E-03,-15.8291E-03,-9.3591836E+00
-227.5000E-03,-12.0603E-03,-9.3591836E+00
-227.0000E-03,-8.0402E-03,-9.3591836E+00
-226.5000E-03,-6.0302E-03,-9.3591836E+00
-226.0000E-03,-8.0402E-03,-9.3591836E+00
-225.5000E-03,-4.0201E-03,-9.3069223E+00
-225.0000E-03,-7.7889E-03,-9.3591836E+00
-224.5000E-03,-5.7789E-03,-9.3591836E+00
-224.0000E-03,-4.0201E-03,-9.3591836E+00
-223.5000E-03,-5.7789E-03,-9.3591836E+00
-223.0000E-03,-3.7688E-03,-9.3591836E+00
-222.5000E-03,+0.0E+00,-9.2546610E+00
-222.0000E-03,+0.0E+00,-9.3591836E+00
-221.5000E-03,+4.0201E-03,-9.3069223E+00
-221.0000E-03,+4.0201E-03,-9.3591836E+00
-220.5000E-03,+1.7588E-03,-9.3591836E+00
-220.0000E-03,+4.0201E-03,-9.3591836E+00
-219.5000E-03,+5.7789E-03,-9.3591836E+00
-219.0000E-03,+4.0201E-03,-9.3591836E+00
-218.5000E-03,+10.0503E-03,-9.4114449E+00
-218.0000E-03,+8.0402E-03,-9.4637062E+00
-217.5000E-03,+8.0402E-03,-9.4637062E+00
-217.0000E-03,+8.0402E-03,-9.3657163E+00
-216.5000E-03,+10.0503E-03,-9.4114449E+00
-216.0000E-03,+12.0603E-03,-9.4637062E+00
-215.5000E-03,+13.8191E-03,-9.4179776E+00
-215.0000E-03,+19.8492E-03,-9.4637062E+00
-214.5000E-03,+16.0804E-03,-9.4637062E+00
-214.0000E-03,+16.0804E-03,-9.4637062E+00
-213.5000E-03,+20.1005E-03,-9.4637062E+00
-213.0000E-03,+20.1005E-03,-9.5682288E+00
-212.5000E-03,+20.1005E-03,-9.5682288E+00
-212.0000E-03,+20.1005E-03,-9.4637062E+00
-211.5000E-03,+20.1005E-03,-9.5682288E+00
-211.0000E-03,+24.1206E-03,-9.4702389E+00
-210.5000E-03,+24.1206E-03,-9.5682288E+00
-210.0000E-03,+24.1206E-03,-9.5747615E+00
-209.5000E-03,+25.8794E-03,-9.6204901E+00
-209.0000E-03,+31.9095E-03,-9.6727515E+00
-208.5000E-03,+26.1307E-03,-9.6204901E+00
-208.0000E-03,+28.1407E-03,-9.6727515E+00
-207.5000E-03,+28.1407E-03,-9.6727515E+00
-207.0000E-03,+32.1608E-03,-9.6792841E+00
-206.5000E-03,+28.1407E-03,-9.7772741E+00
-206.0000E-03,+35.9296E-03,-9.7772741E+00
-205.5000E-03,+32.1608E-03,-9.7772741E+00
-205.0000E-03,+36.1809E-03,-9.7772741E+00
-204.5000E-03,+36.1809E-03,-9.7772741E+00
-204.0000E-03,+40.2010E-03,-9.7838067E+00
-203.5000E-03,+37.9397E-03,-9.8817967E+00
-203.0000E-03,+40.2010E-03,-9.8817967E+00
-202.5000E-03,+40.2010E-03,-9.9340580E+00
-202.0000E-03,+36.1809E-03,-9.9863193E+00
-201.5000E-03,+41.9598E-03,-9.9405907E+00
-201.0000E-03,+40.2010E-03,-9.9863193E+00
-200.5000E-03,+44.2211E-03,-10.0385806E+00
-200.0000E-03,+40.2010E-03,-9.9928520E+00
-199.5000E-03,+44.2211E-03,-10.0908419E+00
-199.0000E-03,+44.2211E-03,-10.0908419E+00
-198.5000E-03,+50.2513E-03,-10.0908419E+00
-198.0000E-03,+44.2211E-03,-10.1953645E+00
-197.5000E-03,+50.2513E-03,-10.1953645E+00
-197.0000E-03,+52.2613E-03,-10.2998872E+00
-196.5000E-03,+54.0201E-03,-10.2476258E+00
-196.0000E-03,+56.2814E-03,-10.2998872E+00
-195.5000E-03,+54.2714E-03,-10.3586811E+00
-195.0000E-03,+56.2814E-03,-10.4044098E+00
-194.5000E-03,+54.0201E-03,-10.4109424E+00
-194.0000E-03,+56.2814E-03,-10.4044098E+00
-193.5000E-03,+56.2814E-03,-10.5089324E+00
-193.0000E-03,+60.3015E-03,-10.4109424E+00
-192.5000E-03,+58.2915E-03,-10.5611937E+00
-192.0000E-03,+60.0503E-03,-10.5154650E+00
-191.5000E-03,+62.3116E-03,-10.5677264E+00
-191.0000E-03,+60.3015E-03,-10.6134550E+00
-190.5000E-03,+62.3116E-03,-10.6657163E+00
-190.0000E-03,+64.3216E-03,-10.7179776E+00
-189.5000E-03,+64.3216E-03,-10.7179776E+00
-189.0000E-03,+68.3417E-03,-10.7245103E+00
-188.5000E-03,+66.3317E-03,-10.8682289E+00
-188.0000E-03,+72.1106E-03,-10.9204902E+00
-187.5000E-03,+72.3618E-03,-10.8747615E+00
-187.0000E-03,+72.1106E-03,-10.9204902E+00
-186.5000E-03,+76.3819E-03,-11.0315455E+00
-186.0000E-03,+76.1307E-03,-11.0315455E+00
-185.5000E-03,+72.3618E-03,-11.0772741E+00
-185.0000E-03,+72.3618E-03,-11.0315455E+00
-184.5000E-03,+74.1206E-03,-11.1360681E+00
-184.0000E-03,+76.3819E-03,-11.2405907E+00
-183.5000E-03,+78.1407E-03,-11.2405907E+00
-183.0000E-03,+80.4020E-03,-11.2405907E+00
-182.5000E-03,+78.1407E-03,-11.3451133E+00
-182.0000E-03,+80.4020E-03,-11.3451133E+00
-181.5000E-03,+82.4121E-03,-11.4496359E+00
-181.0000E-03,+80.4020E-03,-11.4496359E+00
-180.5000E-03,+82.1608E-03,-11.5541585E+00
-180.0000E-03,+80.4020E-03,-11.5541585E+00
-179.5000E-03,+84.4221E-03,-11.6586812E+00
-179.0000E-03,+88.1910E-03,-11.6586812E+00
-178.5000E-03,+88.4422E-03,-11.7632038E+00
-178.0000E-03,+88.4422E-03,-11.7632038E+00
-177.5000E-03,+90.2010E-03,-11.8677264E+00
-177.0000E-03,+88.4422E-03,-11.8677264E+00
-176.5000E-03,+92.4623E-03,-11.9199877E+00
-176.0000E-03,+92.2111E-03,-12.0702390E+00
-175.5000E-03,+92.4623E-03,-11.9722490E+00
-175.0000E-03,+92.4623E-03,-12.1812942E+00
-174.5000E-03,+96.4824E-03,-12.1225003E+00
-174.0000E-03,+92.4623E-03,-12.1812942E+00
-173.5000E-03,+94.4724E-03,-12.2858168E+00
-173.0000E-03,+92.4623E-03,-12.2858168E+00
-172.5000E-03,+90.2010E-03,-12.3380782E+00
-172.0000E-03,+92.2111E-03,-12.3903395E+00
-171.5000E-03,+88.4422E-03,-12.4948621E+00
-171.0000E-03,+88.4422E-03,-12.4948621E+00
-170.5000E-03,+86.4322E-03,-12.5405907E+00
-170.0000E-03,+88.4422E-03,-12.5993847E+00
-169.5000E-03,+88.4422E-03,-12.7039073E+00
-169.0000E-03,+80.4020E-03,-12.7039073E+00
-168.5000E-03,+84.4221E-03,-12.8084299E+00
-168.0000E-03,+88.1910E-03,-12.9064199E+00
-167.5000E-03,+80.4020E-03,-12.9129525E+00
-167.0000E-03,+84.1709E-03,-12.9129525E+00
-166.5000E-03,+78.1407E-03,-12.9652139E+00
-166.0000E-03,+76.3819E-03,-13.1154651E+00
-165.5000E-03,+76.1307E-03,-13.1219978E+00
-165.0000E-03,+76.3819E-03,-13.2199877E+00
-164.5000E-03,+74.3719E-03,-13.1742591E+00
-164.0000E-03,+76.1307E-03,-13.3245103E+00
-163.5000E-03,+72.3618E-03,-13.1742591E+00
-163.0000E-03,+72.3618E-03,-13.2265204E+00
-162.5000E-03,+70.3518E-03,-13.3310430E+00
-162.0000E-03,+68.3417E-03,-13.3310430E+00
-161.5000E-03,+72.3618E-03,-13.3310430E+00
-161.0000E-03,+64.3216E-03,-13.4355656E+00
-160.5000E-03,+66.3317E-03,-13.5335556E+00
-160.0000E-03,+68.3417E-03,-13.4355656E+00
-159.5000E-03,+64.3216E-03,-13.5923495E+00
-159.0000E-03,+60.3015E-03,-13.6380782E+00
-158.5000E-03,+62.3116E-03,-13.6968722E+00
-158.0000E-03,+64.3216E-03,-13.6446109E+00
-157.5000E-03,+62.3116E-03,-13.6968722E+00
-157.0000E-03,+60.3015E-03,-13.7491335E+00
-156.5000E-03,+58.2915E-03,-13.7491335E+00
-156.0000E-03,+60.3015E-03,-13.8471234E+00
-155.5000E-03,+56.2814E-03,-13.9059174E+00
-155.0000E-03,+52.2613E-03,-13.9516460E+00
-154.5000E-03,+56.2814E-03,-14.0104400E+00
-154.0000E-03,+56.0302E-03,-13.9581787E+00
-153.5000E-03,+52.2613E-03,-13.8993847E+00
-153.0000E-03,+52.2613E-03,-13.9581787E+00
-152.5000E-03,+52.2613E-03,-14.0627013E+00
-152.0000E-03,+48.2412E-03,-14.1606913E+00
-151.5000E-03,+48.2412E-03,-14.1149626E+00
-151.0000E-03,+48.2412E-03,-14.1672239E+00
-150.5000E-03,+48.2412E-03,-14.1672239E+00
-150.0000E-03,+47.9899E-03,-14.1672239E+00
-149.5000E-03,+44.2211E-03,-14.3240079E+00
-149.0000E-03,+40.2010E-03,-14.2717465E+00
-148.5000E-03,+44.2211E-03,-14.2717465E+00
-148.0000E-03,+43.9698E-03,-14.2652139E+00
-147.5000E-03,+41.9598E-03,-14.3174752E+00
-147.0000E-03,+44.2211E-03,-14.3762692E+00
-146.5000E-03,+40.2010E-03,-14.3762692E+00
-146.0000E-03,+40.2010E-03,-14.4742591E+00
-145.5000E-03,+38.1910E-03,-14.3240079E+00
-145.0000E-03,+36.1809E-03,-14.4742591E+00
-144.5000E-03,+37.9397E-03,-14.4807918E+00
-144.0000E-03,+32.1608E-03,-14.4807918E+00
-143.5000E-03,+36.1809E-03,-14.5330531E+00
-143.0000E-03,+32.1608E-03,-14.5787817E+00
-142.5000E-03,+30.1508E-03,-14.5265204E+00
-142.0000E-03,+28.1407E-03,-14.4807918E+00
-141.5000E-03,+29.8995E-03,-14.6375757E+00
-141.0000E-03,+31.9095E-03,-14.5853144E+00
-140.5000E-03,+24.1206E-03,-14.6898370E+00
-140.0000E-03,+24.1206E-03,-14.6833043E+00
-139.5000E-03,+25.8794E-03,-14.6898370E+00
-139.0000E-03,+24.1206E-03,-14.5853144E+00
-138.5000E-03,+24.1206E-03,-14.6898370E+00
-138.0000E-03,+24.1206E-03,-14.6898370E+00
-137.5000E-03,+24.1206E-03,-14.6898370E+00
-137.0000E-03,+20.1005E-03,-14.6898370E+00
-136.5000E-03,+20.1005E-03,-14.6898370E+00
-136.0000E-03,+20.1005E-03,-14.6898370E+00
-135.5000E-03,+17.8392E-03,-14.7420983E+00
-135.0000E-03,+16.0804E-03,-14.6898370E+00
-134.5000E-03,+17.8392E-03,-14.8466209E+00
-134.0000E-03,+15.8291E-03,-14.7878270E+00
-133.5000E-03,+13.8191E-03,-14.8400883E+00
-133.0000E-03,+11.8090E-03,-14.7943596E+00
-132.5000E-03,+13.8191E-03,-14.7943596E+00
-132.0000E-03,+12.0603E-03,-14.7943596E+00
-131.5000E-03,+8.0402E-03,-14.8466209E+00
-131.0000E-03,+8.0402E-03,-14.7878270E+00
-130.5000E-03,+5.7789E-03,-14.7943596E+00
-130.0000E-03,+4.0201E-03,-14.8988822E+00
-129.5000E-03,+6.0302E-03,-14.8988822E+00
-129.0000E-03,+0.0E+00,-14.7943596E+00
-128.5000E-03,+4.0201E-03,-14.8400883E+00
-128.0000E-03,+3.7688E-03,-14.7943596E+00
-127.5000E-03,+1.7588E-03,-14.8466209E+00
-127.0000E-03,+0.0E+00,-14.8988822E+00
-126.5000E-03,+0.0E+00,-14.8988822E+00
-126.0000E-03,-3.7688E-03,-14.9968722E+00
-125.5000E-03,-2.0101E-03,-14.8988822E+00
-125.0000E-03,+0.0E+00,-14.8923496E+00
-124.5000E-03,-1.7588E-03,-14.9511435E+00
-124.0000E-03,-7.7889E-03,-14.7943596E+00
-123.5000E-03,-6.0302E-03,-14.8988822E+00
-123.0000E-03,-7.7889E-03,-14.8988822E+00
-122.5000E-03,-8.0402E-03,-14.8988822E+00
-122.0000E-03,-8.0402E-03,-14.7943596E+00
-121.5000E-03,-13.8191E-03,-14.7943596E+00
-121.0000E-03,-12.0603E-03,-14.8988822E+00
-120.5000E-03,-12.0603E-03,-14.8466209E+00
-120.0000E-03,-12.0603E-03,-14.8923496E+00
-119.5000E-03,-14.0704E-03,-14.8400883E+00
-119.0000E-03,-19.8492E-03,-14.9968722E+00
-118.5000E-03,-18.0905E-03,-14.7943596E+00
-118.0000E-03,-19.8492E-03,-14.7943596E+00
-117.5000E-03,-18.0905E-03,-14.7420983E+00
-117.0000E-03,-20.1005E-03,-14.7943596E+00
-116.5000E-03,-17.8392E-03,-14.7943596E+00
-116.0000E-03,-20.1005E-03,-14.7878270E+00
-115.5000E-03,-24.1206E-03,-14.7420983E+00
-115.0000E-03,-20.1005E-03,-14.7943596E+00
-114.5000E-03,-25.8794E-03,-14.7943596E+00
-114.0000E-03,-24.1206E-03,-14.6898370E+00
-113.5000E-03,-28.1407E-03,-14.6898370E+00
-113.0000E-03,-28.1407E-03,-14.6898370E+00
-112.5000E-03,-28.1407E-03,-14.6898370E+00
-112.0000E-03,-28.1407E-03,-14.6833043E+00
-111.5000E-03,-30.1508E-03,-14.6375757E+00
-111.0000E-03,-28.1407E-03,-14.5853144E+00
-110.5000E-03,-32.1608E-03,-14.5853144E+00
-110.0000E-03,-32.1608E-03,-14.5853144E+00
-109.5000E-03,-36.1809E-03,-14.6310430E+00
-109.0000E-03,-36.1809E-03,-14.5787817E+00
-108.5000E-03,-33.9196E-03,-14.5853144E+00
-108.0000E-03,-39.9497E-03,-14.4807918E+00
-107.5000E-03,-38.1910E-03,-14.4807918E+00
-107.0000E-03,-36.1809E-03,-14.4807918E+00
-106.5000E-03,-40.2010E-03,-14.5330531E+00
-106.0000E-03,-40.2010E-03,-14.4807918E+00
-105.5000E-03,-40.2010E-03,-14.4219978E+00
-105.0000E-03,-44.2211E-03,-14.3762692E+00
-104.5000E-03,-42.2111E-03,-14.4219978E+00
-104.0000E-03,-47.9899E-03,-14.2717465E+00
-103.5000E-03,-44.2211E-03,-14.3240079E+00
-103.0000E-03,-48.2412E-03,-14.2717465E+00
-102.5000E-03,-44.2211E-03,-14.3174752E+00
-102.0000E-03,-52.0100E-03,-14.2717465E+00
-101.5000E-03,-48.2412E-03,-14.2717465E+00
-101.0000E-03,-48.2412E-03,-14.1672239E+00
-100.5000E-03,-54.2714E-03,-14.1672239E+00
-100.0000E-03,-52.2613E-03,-14.1672239E+00
-99.5000E-03,-52.2613E-03,-14.0627013E+00
-99.0000E-03,-56.2814E-03,-14.1672239E+00
-98.5000E-03,-56.2814E-03,-14.0627013E+00
-98.0000E-03,-56.0302E-03,-14.0561687E+00
-97.5000E-03,-56.2814E-03,-14.0039073E+00
-97.0000E-03,-60.0503E-03,-13.8536561E+00
-96.5000E-03,-60.3015E-03,-13.8993847E+00
-96.0000E-03,-60.3015E-03,-13.8536561E+00
-95.5000E-03,-60.3015E-03,-13.9581787E+00
-95.0000E-03,-64.0704E-03,-13.8471234E+00
-94.5000E-03,-58.0402E-03,-13.8536561E+00
-94.0000E-03,-64.3216E-03,-13.7491335E+00
-93.5000E-03,-64.3216E-03,-13.6968722E+00
-93.0000E-03,-68.0905E-03,-13.7426008E+00
-92.5000E-03,-64.3216E-03,-13.6903395E+00
-92.0000E-03,-68.3417E-03,-13.6446109E+00
-91.5000E-03,-72.3618E-03,-13.5858169E+00
-91.0000E-03,-72.1106E-03,-13.6380782E+00
-90.5000E-03,-72.3618E-03,-13.4812943E+00
-90.0000E-03,-68.3417E-03,-13.4355656E+00
-89.5000E-03,-72.3618E-03,-13.4355656E+00
-89.0000E-03,-72.3618E-03,-13.4290330E+00
-88.5000E-03,-74.1206E-03,-13.3310430E+00
-88.0000E-03,-80.1508E-03,-13.2265204E+00
-87.5000E-03,-76.3819E-03,-13.2722490E+00
-87.0000E-03,-80.1508E-03,-13.2265204E+00
-86.5000E-03,-80.4020E-03,-13.2265204E+00
-86.0000E-03,-80.1508E-03,-13.0174752E+00
-85.5000E-03,-82.4121E-03,-13.1219978E+00
-85.0000E-03,-84.1709E-03,-13.1219978E+00
-84.5000E-03,-84.4221E-03,-12.9652139E+00
-84.0000E-03,-84.1709E-03,-13.0109425E+00
-83.5000E-03,-88.4422E-03,-12.8606912E+00
-83.0000E-03,-92.2111E-03,-12.9129525E+00
-82.5000E-03,-88.4422E-03,-12.7561686E+00
-82.0000E-03,-88.1910E-03,-12.7039073E+00
-81.5000E-03,-88.4422E-03,-12.7039073E+00
-81.0000E-03,-88.4422E-03,-12.6973746E+00
-80.5000E-03,-88.4422E-03,-12.5405907E+00
-80.0000E-03,-92.4623E-03,-12.4948621E+00
-79.5000E-03,-94.2211E-03,-12.4948621E+00
-79.0000E-03,-92.4623E-03,-12.3903395E+00
-78.5000E-03,-94.4724E-03,-12.4948621E+00
-78.0000E-03,-100.2513E-03,-12.3838068E+00
-77.5000E-03,-98.2412E-03,-12.2270229E+00
-77.0000E-03,-96.4824E-03,-12.1812942E+00
-76.5000E-03,-98.4925E-03,-12.1812942E+00
-76.0000E-03,-100.2513E-03,-12.1812942E+00
-75.5000E-03,-102.2613E-03,-12.0767716E+00
-75.0000E-03,-100.5025E-03,-11.9722490E+00
-74.5000E-03,-104.5226E-03,-11.9722490E+00
-74.0000E-03,-104.5226E-03,-11.9657163E+00
-73.5000E-03,-100.5025E-03,-11.8677264E+00
-73.0000E-03,-100.2513E-03,-11.8677264E+00
-72.5000E-03,-98.2412E-03,-11.7044098E+00
-72.0000E-03,-100.5025E-03,-11.6586812E+00
-71.5000E-03,-98.4925E-03,-11.6586812E+00
-71.0000E-03,-96.4824E-03,-11.5541585E+00
-70.5000E-03,-96.4824E-03,-11.6064198E+00
-70.0000E-03,-96.2312E-03,-11.5476259E+00
-69.5000E-03,-92.4623E-03,-11.3973746E+00
-69.0000E-03,-88.4422E-03,-11.4431033E+00
-68.5000E-03,-92.4623E-03,-11.2928520E+00
-68.0000E-03,-92.2111E-03,-11.3385806E+00
-67.5000E-03,-88.4422E-03,-11.2405907E+00
-67.0000E-03,-92.2111E-03,-11.1360681E+00
-66.5000E-03,-88.4422E-03,-11.2405907E+00
-66.0000E-03,-92.2111E-03,-11.1360681E+00
-65.5000E-03,-86.4322E-03,-11.1360681E+00
-65.0000E-03,-84.4221E-03,-11.0315455E+00
-64.5000E-03,-82.4121E-03,-10.9792842E+00
-64.0000E-03,-84.4221E-03,-10.9270228E+00
-63.5000E-03,-82.4121E-03,-10.9270228E+00
-63.0000E-03,-80.1508E-03,-10.8225002E+00
-62.5000E-03,-78.3920E-03,-10.8747615E+00
-62.0000E-03,-80.1508E-03,-10.8225002E+00
-61.5000E-03,-76.3819E-03,-10.6722490E+00
-61.0000E-03,-76.3819E-03,-10.7179776E+00
-60.5000E-03,-74.3719E-03,-10.6722490E+00
-60.0000E-03,-80.1508E-03,-10.5089324E+00
-59.5000E-03,-74.1206E-03,-10.5677264E+00
-59.0000E-03,-72.3618E-03,-10.5154650E+00
-58.5000E-03,-74.3719E-03,-10.5089324E+00
-58.0000E-03,-72.1106E-03,-10.6134550E+00
-57.5000E-03,-68.3417E-03,-10.5089324E+00
-57.0000E-03,-68.3417E-03,-10.4044098E+00
-56.5000E-03,-68.3417E-03,-10.4044098E+00
-56.0000E-03,-68.3417E-03,-10.2998872E+00
-55.5000E-03,-66.3317E-03,-10.2998872E+00
-55.0000E-03,-64.3216E-03,-10.4044098E+00
-54.5000E-03,-64.3216E-03,-10.2998872E+00
-54.0000E-03,-64.3216E-03,-10.1953645E+00
-53.5000E-03,-58.2915E-03,-10.1953645E+00
-53.0000E-03,-64.3216E-03,-10.1953645E+00
-52.5000E-03,-60.3015E-03,-10.1496359E+00
-52.0000E-03,-60.3015E-03,-10.1953645E+00
-51.5000E-03,-60.3015E-03,-10.0908419E+00
-51.0000E-03,-52.2613E-03,-9.9928520E+00
-50.5000E-03,-54.2714E-03,-9.9863193E+00
-50.0000E-03,-56.2814E-03,-9.9863193E+00
-49.5000E-03,-54.2714E-03,-9.9863193E+00
-49.0000E-03,-52.2613E-03,-9.9863193E+00
-48.5000E-03,-52.2613E-03,-9.8817967E+00
-48.0000E-03,-52.0100E-03,-9.9863193E+00
-47.5000E-03,-50.2513E-03,-9.8817967E+00
-47.0000E-03,-44.2211E-03,-9.8817967E+00
-46.5000E-03,-48.2412E-03,-9.7772741E+00
-46.0000E-03,-48.2412E-03,-9.7772741E+00
-45.5000E-03,-44.2211E-03,-9.8295354E+00
-45.0000E-03,-44.2211E-03,-9.7772741E+00
-44.5000E-03,-43.9698E-03,-9.7315454E+00
-44.0000E-03,-40.2010E-03,-9.6727515E+00
-43.5000E-03,-42.2111E-03,-9.7250128E+00
-43.0000E-03,-40.2010E-03,-9.6727515E+00
-42.5000E-03,-37.9397E-03,-9.7250128E+00
-42.0000E-03,-40.2010E-03,-9.6727515E+00
-41.5000E-03,-38.1910E-03,-9.6727515E+00
-41.0000E-03,-39.9497E-03,-9.6727515E+00
-40.5000E-03,-36.1809E-03,-9.6727515E+00
-40.0000E-03,-35.9296E-03,-9.4702389E+00
-39.5000E-03,-36.1809E-03,-9.5747615E+00
-39.0000E-03,-32.1608E-03,-9.4702389E+00
-38.5000E-03,-33.9196E-03,-9.5682288E+00
-38.0000E-03,-28.1407E-03,-9.5682288E+00
-37.5000E-03,-30.1508E-03,-9.4637062E+00
-37.0000E-03,-31.9095E-03,-9.5682288E+00
-36.5000E-03,-28.1407E-03,-9.4637062E+00
-36.0000E-03,-28.1407E-03,-9.4637062E+00
-35.5000E-03,-28.1407E-03,-9.4637062E+00
-35.0000E-03,-24.1206E-03,-9.5682288E+00
-34.5000E-03,-24.1206E-03,-9.4637062E+00
-34.0000E-03,-24.1206E-03,-9.4637062E+00
-33.5000E-03,-20.1005E-03,-9.4637062E+00
-33.0000E-03,-23.8693E-03,-9.3657163E+00
-32.5000E-03,-20.1005E-03,-9.4637062E+00
-32.0000E-03,-16.0804E-03,-9.3657163E+00
-31.5000E-03,-20.1005E-03,-9.4637062E+00
-31.0000E-03,-16.0804E-03,-9.3657163E+00
-30.5000E-03,-16.0804E-03,-9.4114449E+00
-30.0000E-03,-16.0804E-03,-9.3591836E+00
-29.5000E-03,-16.0804E-03,-9.4179776E+00
-29.0000E-03,-12.0603E-03,-9.3591836E+00
-28.5000E-03,-14.0704E-03,-9.3591836E+00
-28.0000E-03,-8.0402E-03,-9.3591836E+00
-27.5000E-03,-12.0603E-03,-9.3591836E+00
-27.0000E-03,-12.0603E-03,-9.2611937E+00
-26.5000E-03,-8.0402E-03,-9.3069223E+00
-26.0000E-03,-4.0201E-03,-9.4637062E+00
-25.5000E-03,-5.7789E-03,-9.3591836E+00
-25.0000E-03,-4.0201E-03,-9.3591836E+00
-24.5000E-03,-4.0201E-03,-9.3134550E+00
-24.0000E-03,-4.0201E-03,-9.3591836E+00
-23.5000E-03,-4.0201E-03,-9.4179776E+00
-23.0000E-03,+0.0E+00,-9.2611937E+00
-22.5000E-03,+0.0E+00,-9.3591836E+00
-22.0000E-03,+3.7688E-03,-9.2611937E+00
-21.5000E-03,+2.0101E-03,-9.3591836E+00
-21.0000E-03,+3.7688E-03,-9.3591836E+00
-20.5000E-03,+4.0201E-03,-9.3591836E+00
-20.0000E-03,+7.7889E-03,-9.3657163E+00
-19.5000E-03,+8.0402E-03,-9.3591836E+00
-19.0000E-03,+7.7889E-03,-9.4637062E+00
-18.5000E-03,+5.7789E-03,-9.4114449E+00
-18.0000E-03,+8.0402E-03,-9.4637062E+00
-17.5000E-03,+9.7990E-03,-9.3591836E+00
-17.0000E-03,+11.8090E-03,-9.4637062E+00
-16.5000E-03,+10.0503E-03,-9.4179776E+00
-16.0000E-03,+11.8090E-03,-9.4637062E+00
-15.5000E-03,+12.0603E-03,-9.4637062E+00
-15.0000E-03,+16.0804E-03,-9.4637062E+00
-14.5000E-03,+16.0804E-03,-9.4637062E+00
-14.0000E-03,+19.8492E-03,-9.4637062E+00
-13.5000E-03,+16.0804E-03,-9.5225002E+00
-13.0000E-03,+19.8492E-03,-9.5682288E+00
-12.5000E-03,+20.1005E-03,-9.5225002E+00
-12.0000E-03,+20.1005E-03,-9.5682288E+00
-11.5000E-03,+24.1206E-03,-9.5682288E+00
-11.0000E-03,+23.8693E-03,-9.5682288E+00
-10.5000E-03,+26.1307E-03,-9.5682288E+00
-10.0000E-03,+27.8894E-03,-9.6727515E+00
-9.5000E-03,+26.1307E-03,-9.5682288E+00
-9.0000E-03,+27.8894E-03,-9.5682288E+00
-8.5000E-03,+28.1407E-03,-9.6727515E+00
-8.0000E-03,+28.1407E-03,-9.6727515E+00
-7.5000E-03,+30.1508E-03,-9.6727515E+00
-7.0000E-03,+28.1407E-03,-9.6727515E+00
-6.5000E-03,+34.1709E-03,-9.7315454E+00
-6.0000E-03,+32.1608E-03,-9.7772741E+00
-5.5000E-03,+33.9196E-03,-9.8360680E+00
-5.0000E-03,+35.9296E-03,-9.7838067E+00
-4.5000E-03,+36.1809E-03,-9.8295354E+00
-4.0000E-03,+36.1809E-03,-9.8817967E+00
-3.5000E-03,+37.9397E-03,-9.8360680E+00
-3.0000E-03,+36.1809E-03,-9.8817967E+00
-2.5000E-03,+38.1910E-03,-9.9340580E+00
-2.0000E-03,+40.2010E-03,-9.8883294E+00
-1.5000E-03,+40.2010E-03,-9.8817967E+00
-1.0000E-03,+47.9899E-03,-9.9863193E+00
-500.0E-06,+41.9598E-03,-9.9928520E+00
+0.0E+00,+44.2211E-03,-10.0908419E+00
+500.0E-06,+45.9799E-03,-10.0908419E+00
+1.0000E-03,+52.0100E-03,-10.0973746E+00
+1.5000E-03,+48.2412E-03,-10.1953645E+00
+2.0000E-03,+48.2412E-03,-10.1953645E+00
+2.5000E-03,+48.2412E-03,-10.1953645E+00
+3.0000E-03,+48.2412E-03,-10.1953645E+00
+3.5000E-03,+52.2613E-03,-10.2476258E+00
+4.0000E-03,+48.2412E-03,-10.2998872E+00
+4.5000E-03,+52.2613E-03,-10.2998872E+00
+5.0000E-03,+52.2613E-03,-10.3064198E+00
+5.5000E-03,+56.2814E-03,-10.3521485E+00
+6.0000E-03,+56.2814E-03,-10.4044098E+00
+6.5000E-03,+56.2814E-03,-10.4566711E+00
+7.0000E-03,+56.2814E-03,-10.5089324E+00
+7.5000E-03,+58.0402E-03,-10.5089324E+00
+8.0000E-03,+60.3015E-03,-10.6134550E+00
+8.5000E-03,+64.3216E-03,-10.6134550E+00
+9.0000E-03,+60.3015E-03,-10.6134550E+00
+9.5000E-03,+64.3216E-03,-10.6722490E+00
+10.0000E-03,+64.3216E-03,-10.7179776E+00
+10.5000E-03,+64.3216E-03,-10.7179776E+00
+11.0000E-03,+64.3216E-03,-10.8225002E+00
+11.5000E-03,+66.0804E-03,-10.7702389E+00
+12.0000E-03,+68.3417E-03,-10.9204902E+00
+12.5000E-03,+70.3518E-03,-10.9204902E+00
+13.0000E-03,+72.3618E-03,-10.8225002E+00
+13.5000E-03,+70.1005E-03,-10.9792842E+00
+14.0000E-03,+76.3819E-03,-11.0315455E+00
+14.5000E-03,+72.3618E-03,-11.0315455E+00
+15.0000E-03,+80.1508E-03,-11.1360681E+00
+15.5000E-03,+72.3618E-03,-11.1295354E+00
+16.0000E-03,+76.3819E-03,-11.2405907E+00
+16.5000E-03,+78.1407E-03,-11.2405907E+00
+17.0000E-03,+80.1508E-03,-11.2405907E+00
+17.5000E-03,+82.1608E-03,-11.3973746E+00
+18.0000E-03,+80.4020E-03,-11.3451133E+00
+18.5000E-03,+80.4020E-03,-11.4496359E+00
+19.0000E-03,+84.1709E-03,-11.5541585E+00
+19.5000E-03,+86.4322E-03,-11.5541585E+00
+20.0000E-03,+88.1910E-03,-11.5541585E+00
+20.5000E-03,+86.1809E-03,-11.6586812E+00
+21.0000E-03,+88.4422E-03,-11.6586812E+00
+21.5000E-03,+88.4422E-03,-11.7044098E+00
+22.0000E-03,+88.4422E-03,-11.7632038E+00
+22.5000E-03,+88.4422E-03,-11.8677264E+00
+23.0000E-03,+92.2111E-03,-11.8677264E+00
+23.5000E-03,+92.4623E-03,-11.9722490E+00
+24.0000E-03,+88.4422E-03,-11.9722490E+00
+24.5000E-03,+98.2412E-03,-12.1225003E+00
+25.0000E-03,+92.4623E-03,-12.1747616E+00
+25.5000E-03,+96.4824E-03,-12.0767716E+00
+26.0000E-03,+96.4824E-03,-12.1812942E+00
+26.5000E-03,+96.4824E-03,-12.2858168E+00
+27.0000E-03,+92.4623E-03,-12.3903395E+00
+27.5000E-03,+90.2010E-03,-12.4426008E+00
+28.0000E-03,+92.4623E-03,-12.3903395E+00
+28.5000E-03,+90.4523E-03,-12.4360681E+00
+29.0000E-03,+88.4422E-03,-12.5928520E+00
+29.5000E-03,+88.4422E-03,-12.5993847E+00
+30.0000E-03,+84.4221E-03,-12.6973746E+00
+30.5000E-03,+86.1809E-03,-12.6516460E+00
+31.0000E-03,+88.1910E-03,-12.8084299E+00
+31.5000E-03,+82.1608E-03,-12.7496360E+00
+32.0000E-03,+84.4221E-03,-12.9064199E+00
+32.5000E-03,+80.4020E-03,-12.8606912E+00
+33.0000E-03,+84.1709E-03,-12.9064199E+00
+33.5000E-03,+78.1407E-03,-13.0174752E+00
+34.0000E-03,+80.4020E-03,-13.0174752E+00
+34.5000E-03,+76.3819E-03,-13.1219978E+00
+35.0000E-03,+76.3819E-03,-13.1219978E+00
+35.5000E-03,+74.1206E-03,-13.1677264E+00
+36.0000E-03,+72.3618E-03,-13.2265204E+00
+36.5000E-03,+72.3618E-03,-13.2787817E+00
+37.0000E-03,+72.1106E-03,-13.3310430E+00
+37.5000E-03,+70.1005E-03,-13.3310430E+00
+38.0000E-03,+72.3618E-03,-13.3310430E+00
+38.5000E-03,+68.3417E-03,-13.4355656E+00
+39.0000E-03,+68.3417E-03,-13.4355656E+00
+39.5000E-03,+66.0804E-03,-13.5400882E+00
+40.0000E-03,+64.3216E-03,-13.6446109E+00
+40.5000E-03,+64.3216E-03,-13.4878269E+00
+41.0000E-03,+64.3216E-03,-13.5400882E+00
+41.5000E-03,+64.0704E-03,-13.6903395E+00
+42.0000E-03,+64.3216E-03,-13.6446109E+00
+42.5000E-03,+64.0704E-03,-13.7491335E+00
+43.0000E-03,+64.0704E-03,-13.7491335E+00
+43.5000E-03,+60.3015E-03,-13.7491335E+00
+44.0000E-03,+60.3015E-03,-13.8536561E+00
+44.5000E-03,+60.3015E-03,-13.8536561E+00
+45.0000E-03,+60.0503E-03,-13.9516460E+00
+45.5000E-03,+54.2714E-03,-13.9581787E+00
+46.0000E-03,+52.2613E-03,-13.9581787E+00
+46.5000E-03,+52.0100E-03,-13.9581787E+00
+47.0000E-03,+52.2613E-03,-13.9581787E+00
+47.5000E-03,+50.2513E-03,-14.0627013E+00
+48.0000E-03,+52.0100E-03,-14.0627013E+00
+48.5000E-03,+48.2412E-03,-14.1084300E+00
+49.0000E-03,+48.2412E-03,-14.1672239E+00
+49.5000E-03,+48.2412E-03,-14.1672239E+00
+50.0000E-03,+48.2412E-03,-14.1672239E+00
+50.5000E-03,+48.2412E-03,-14.1672239E+00
+51.0000E-03,+44.2211E-03,-14.1672239E+00
+51.5000E-03,+46.2312E-03,-14.2129526E+00
+52.0000E-03,+44.2211E-03,-14.3697365E+00
+52.5000E-03,+45.9799E-03,-14.3240079E+00
+53.0000E-03,+43.9698E-03,-14.3762692E+00
+53.5000E-03,+40.2010E-03,-14.3762692E+00
+54.0000E-03,+40.2010E-03,-14.3762692E+00
+54.5000E-03,+37.9397E-03,-14.3762692E+00
+55.0000E-03,+32.1608E-03,-14.4807918E+00
+55.5000E-03,+33.9196E-03,-14.4807918E+00
+56.0000E-03,+36.1809E-03,-14.4807918E+00
+56.5000E-03,+32.1608E-03,-14.4807918E+00
+57.0000E-03,+31.9095E-03,-14.3762692E+00
+57.5000E-03,+32.1608E-03,-14.5265204E+00
+58.0000E-03,+32.1608E-03,-14.5853144E+00
+58.5000E-03,+30.1508E-03,-14.5330531E+00
+59.0000E-03,+32.1608E-03,-14.5787817E+00
+59.5000E-03,+28.1407E-03,-14.6375757E+00
+60.0000E-03,+28.1407E-03,-14.6833043E+00
+60.5000E-03,+28.1407E-03,-14.6310430E+00
+61.0000E-03,+24.1206E-03,-14.7878270E+00
+61.5000E-03,+20.1005E-03,-14.6310430E+00
+62.0000E-03,+20.1005E-03,-14.6898370E+00
+62.5000E-03,+20.1005E-03,-14.7943596E+00
+63.0000E-03,+20.1005E-03,-14.7943596E+00
+63.5000E-03,+18.0905E-03,-14.7943596E+00
+64.0000E-03,+20.1005E-03,-14.7943596E+00
+64.5000E-03,+16.0804E-03,-14.6898370E+00
+65.0000E-03,+19.8492E-03,-14.7943596E+00
+65.5000E-03,+14.0704E-03,-14.8400883E+00
+66.0000E-03,+12.0603E-03,-14.6898370E+00
+66.5000E-03,+13.8191E-03,-14.7943596E+00
+67.0000E-03,+12.0603E-03,-14.7943596E+00
+67.5000E-03,+14.0704E-03,-14.8400883E+00
+68.0000E-03,+11.8090E-03,-14.6898370E+00
+68.5000E-03,+8.0402E-03,-14.7943596E+00
+69.0000E-03,+8.0402E-03,-14.8923496E+00
+69.5000E-03,+8.0402E-03,-14.7943596E+00
+70.0000E-03,+4.0201E-03,-14.8923496E+00
+70.5000E-03,+8.0402E-03,-14.8466209E+00
+71.0000E-03,+7.7889E-03,-14.7943596E+00
+71.5000E-03,+4.0201E-03,-14.8400883E+00
+72.0000E-03,+0.0E+00,-15.0034049E+00
+72.5000E-03,+1.7588E-03,-14.8988822E+00
+73.0000E-03,+0.0E+00,-14.7943596E+00
+73.5000E-03,+1.7588E-03,-14.8988822E+00
+74.0000E-03,+0.0E+00,-14.7943596E+00
+74.5000E-03,+0.0E+00,-14.8988822E+00
+75.0000E-03,-3.7688E-03,-14.8988822E+00
+75.5000E-03,-4.0201E-03,-14.9511435E+00
+76.0000E-03,-4.0201E-03,-14.8988822E+00
+76.5000E-03,-4.0201E-03,-14.8988822E+00
+77.0000E-03,-4.0201E-03,-14.8988822E+00
+77.5000E-03,-8.0402E-03,-14.9446109E+00
+78.0000E-03,-8.0402E-03,-14.8988822E+00
+78.5000E-03,-10.0503E-03,-14.8466209E+00
+79.0000E-03,-12.0603E-03,-14.8923496E+00
+79.5000E-03,-12.0603E-03,-14.8988822E+00
+80.0000E-03,-12.0603E-03,-14.8988822E+00
+80.5000E-03,-12.0603E-03,-14.8466209E+00
+81.0000E-03,-16.0804E-03,-14.7943596E+00
+81.5000E-03,-13.8191E-03,-14.8466209E+00
+82.0000E-03,-16.0804E-03,-14.8923496E+00
+82.5000E-03,-16.0804E-03,-14.7420983E+00
+83.0000E-03,-20.1005E-03,-14.8923496E+00
+83.5000E-03,-22.1106E-03,-14.7943596E+00
+84.0000E-03,-23.8693E-03,-14.7878270E+00
+84.5000E-03,-21.8593E-03,-14.7355657E+00
+85.0000E-03,-24.1206E-03,-14.6898370E+00
+85.5000E-03,-24.1206E-03,-14.6898370E+00
+86.0000E-03,-24.1206E-03,-14.6898370E+00
+86.5000E-03,-26.1307E-03,-14.7355657E+00
+87.0000E-03,-24.1206E-03,-14.5853144E+00
+87.5000E-03,-28.1407E-03,-14.7420983E+00
+88.0000E-03,-24.1206E-03,-14.5853144E+00
+88.5000E-03,-29.8995E-03,-14.7420983E+00
+89.0000E-03,-28.1407E-03,-14.5853144E+00
+89.5000E-03,-29.8995E-03,-14.6375757E+00
+90.0000E-03,-32.1608E-03,-14.5853144E+00
+90.5000E-03,-32.1608E-03,-14.5330531E+00
+91.0000E-03,-35.9296E-03,-14.5853144E+00
+91.5000E-03,-36.1809E-03,-14.4807918E+00
+92.0000E-03,-36.1809E-03,-14.4807918E+00
+92.5000E-03,-38.1910E-03,-14.5330531E+00
+93.0000E-03,-40.2010E-03,-14.4807918E+00
+93.5000E-03,-36.1809E-03,-14.5265204E+00
+94.0000E-03,-40.2010E-03,-14.3762692E+00
+94.5000E-03,-42.2111E-03,-14.4807918E+00
+95.0000E-03,-40.2010E-03,-14.3762692E+00
+95.5000E-03,-42.2111E-03,-14.3762692E+00
+96.0000E-03,-44.2211E-03,-14.3762692E+00
+96.5000E-03,-44.2211E-03,-14.2717465E+00
+97.0000E-03,-47.9899E-03,-14.2717465E+00
+97.5000E-03,-48.2412E-03,-14.3240079E+00
+98.0000E-03,-52.0100E-03,-14.1672239E+00
+98.5000E-03,-50.0000E-03,-14.1672239E+00
+99.0000E-03,-48.2412E-03,-14.2652139E+00
+99.5000E-03,-48.2412E-03,-14.1672239E+00
+100.0000E-03,-52.2613E-03,-14.1672239E+00
+100.5000E-03,-54.0201E-03,-14.1672239E+00
+101.0000E-03,-56.2814E-03,-14.0627013E+00
+101.5000E-03,-56.2814E-03,-14.0627013E+00
+102.0000E-03,-56.2814E-03,-14.0627013E+00
+102.5000E-03,-58.0402E-03,-13.9581787E+00
+103.0000E-03,-56.2814E-03,-14.0561687E+00
+103.5000E-03,-60.3015E-03,-13.9581787E+00
+104.0000E-03,-60.0503E-03,-13.9516460E+00
+104.5000E-03,-62.3116E-03,-13.8536561E+00
+105.0000E-03,-64.3216E-03,-13.8536561E+00
+105.5000E-03,-62.0603E-03,-13.7948621E+00
+106.0000E-03,-60.3015E-03,-13.8471234E+00
+106.5000E-03,-64.3216E-03,-13.7491335E+00
+107.0000E-03,-64.3216E-03,-13.7491335E+00
+107.5000E-03,-64.3216E-03,-13.6446109E+00
+108.0000E-03,-68.3417E-03,-13.5400882E+00
+108.5000E-03,-70.3518E-03,-13.5858169E+00
+109.0000E-03,-72.3618E-03,-13.4355656E+00
+109.5000E-03,-72.3618E-03,-13.4878269E+00
+110.0000E-03,-72.3618E-03,-13.5335556E+00
+110.5000E-03,-74.1206E-03,-13.3767716E+00
+111.0000E-03,-76.1307E-03,-13.4290330E+00
+111.5000E-03,-76.3819E-03,-13.2787817E+00
+112.0000E-03,-72.3618E-03,-13.3310430E+00
+112.5000E-03,-78.1407E-03,-13.2265204E+00
+113.0000E-03,-80.4020E-03,-13.2265204E+00
+113.5000E-03,-80.4020E-03,-13.1742591E+00
+114.0000E-03,-80.4020E-03,-13.1219978E+00
+114.5000E-03,-80.4020E-03,-13.1219978E+00
+115.0000E-03,-84.4221E-03,-13.0174752E+00
+115.5000E-03,-80.4020E-03,-12.9129525E+00
+116.0000E-03,-84.4221E-03,-12.9129525E+00
+116.5000E-03,-84.4221E-03,-12.9129525E+00
+117.0000E-03,-88.4422E-03,-12.8084299E+00
+117.5000E-03,-86.4322E-03,-12.8084299E+00
+118.0000E-03,-88.4422E-03,-12.7039073E+00
+118.5000E-03,-88.4422E-03,-12.7039073E+00
+119.0000E-03,-88.4422E-03,-12.5993847E+00
+119.5000E-03,-90.4523E-03,-12.6516460E+00
+120.0000E-03,-96.2312E-03,-12.5993847E+00
+120.5000E-03,-94.4724E-03,-12.4948621E+00
+121.0000E-03,-96.4824E-03,-12.3903395E+00
+121.5000E-03,-96.4824E-03,-12.3903395E+00
+122.0000E-03,-96.4824E-03,-12.2858168E+00
+122.5000E-03,-98.2412E-03,-12.2858168E+00
+123.0000E-03,-96.4824E-03,-12.1812942E+00
+123.5000E-03,-100.5025E-03,-12.1812942E+00
+124.0000E-03,-100.5025E-03,-12.1747616E+00
+124.5000E-03,-100.5025E-03,-12.1290329E+00
+125.0000E-03,-100.5025E-03,-12.0702390E+00
+125.5000E-03,-102.5126E-03,-11.9722490E+00
+126.0000E-03,-104.5226E-03,-12.0702390E+00
+126.5000E-03,-102.2613E-03,-11.8677264E+00
+127.0000E-03,-104.2714E-03,-11.7632038E+00
+127.5000E-03,-100.5025E-03,-11.7044098E+00
+128.0000E-03,-100.5025E-03,-11.6586812E+00
+128.5000E-03,-98.4925E-03,-11.6586812E+00
+129.0000E-03,-92.4623E-03,-11.4496359E+00
+129.5000E-03,-94.2211E-03,-11.4953646E+00
+130.0000E-03,-96.4824E-03,-11.4496359E+00
+130.5000E-03,-94.2211E-03,-11.3973746E+00
+131.0000E-03,-92.4623E-03,-11.3451133E+00
+131.5000E-03,-88.4422E-03,-11.3451133E+00
+132.0000E-03,-92.2111E-03,-11.3385806E+00
+132.5000E-03,-90.4523E-03,-11.2928520E+00
+133.0000E-03,-88.4422E-03,-11.1360681E+00
+133.5000E-03,-86.1809E-03,-11.1360681E+00
+134.0000E-03,-88.4422E-03,-11.0315455E+00
+134.5000E-03,-86.1809E-03,-11.0315455E+00
+135.0000E-03,-84.4221E-03,-11.0315455E+00
+135.5000E-03,-84.4221E-03,-10.9727515E+00
+136.0000E-03,-80.4020E-03,-10.9204902E+00
+136.5000E-03,-84.4221E-03,-10.8747615E+00
+137.0000E-03,-80.4020E-03,-10.8225002E+00
+137.5000E-03,-80.4020E-03,-10.7702389E+00
+138.0000E-03,-80.1508E-03,-10.8225002E+00
+138.5000E-03,-80.4020E-03,-10.6657163E+00
+139.0000E-03,-80.1508E-03,-10.7179776E+00
+139.5000E-03,-76.3819E-03,-10.6722490E+00
+140.0000E-03,-72.3618E-03,-10.6134550E+00
+140.5000E-03,-76.3819E-03,-10.6134550E+00
+141.0000E-03,-76.1307E-03,-10.6134550E+00
+141.5000E-03,-72.3618E-03,-10.5611937E+00
+142.0000E-03,-68.3417E-03,-10.4044098E+00
+142.5000E-03,-70.1005E-03,-10.4632037E+00
+143.0000E-03,-72.1106E-03,-10.5089324E+00
+143.5000E-03,-68.3417E-03,-10.4044098E+00
+144.0000E-03,-68.3417E-03,-10.4044098E+00
+144.5000E-03,-68.3417E-03,-10.3521485E+00
+145.0000E-03,-64.3216E-03,-10.3064198E+00
+145.5000E-03,-64.3216E-03,-10.2541585E+00
+146.0000E-03,-64.3216E-03,-10.2998872E+00
+146.5000E-03,-62.0603E-03,-10.1953645E+00
+147.0000E-03,-60.3015E-03,-10.1953645E+00
+147.5000E-03,-56.2814E-03,-10.1953645E+00
+148.0000E-03,-56.2814E-03,-10.0973746E+00
+148.5000E-03,-60.3015E-03,-10.1496359E+00
+149.0000E-03,-60.3015E-03,-10.0908419E+00
+149.5000E-03,-56.2814E-03,-10.0385806E+00
+150.0000E-03,-52.2613E-03,-9.9863193E+00
+150.5000E-03,-52.2613E-03,-9.9863193E+00
+151.0000E-03,-52.2613E-03,-9.9863193E+00
+151.5000E-03,-52.2613E-03,-9.8817967E+00
+152.0000E-03,-52.0100E-03,-9.8817967E+00
+152.5000E-03,-50.2513E-03,-9.8817967E+00
+153.0000E-03,-48.2412E-03,-9.8817967E+00
+153.5000E-03,-48.2412E-03,-9.8817967E+00
+154.0000E-03,-44.2211E-03,-9.7772741E+00
+154.5000E-03,-44.2211E-03,-9.8295354E+00
+155.0000E-03,-44.2211E-03,-9.7772741E+00
+155.5000E-03,-44.2211E-03,-9.7250128E+00
+156.0000E-03,-40.2010E-03,-9.7772741E+00
+156.5000E-03,-44.2211E-03,-9.7250128E+00
+157.0000E-03,-40.2010E-03,-9.6727515E+00
+157.5000E-03,-40.2010E-03,-9.6727515E+00
+158.0000E-03,-36.1809E-03,-9.6727515E+00
+158.5000E-03,-38.1910E-03,-9.5682288E+00
+159.0000E-03,-39.9497E-03,-9.6727515E+00
+159.5000E-03,-36.1809E-03,-9.5682288E+00
+160.0000E-03,-36.1809E-03,-9.5682288E+00
+160.5000E-03,-32.1608E-03,-9.5225002E+00
+161.0000E-03,-36.1809E-03,-9.5682288E+00
+161.5000E-03,-32.1608E-03,-9.5682288E+00
+162.0000E-03,-32.1608E-03,-9.4637062E+00
+162.5000E-03,-29.8995E-03,-9.5225002E+00
+163.0000E-03,-24.1206E-03,-9.4702389E+00
+163.5000E-03,-26.1307E-03,-9.4637062E+00
+164.0000E-03,-27.8894E-03,-9.4637062E+00
+164.5000E-03,-29.8995E-03,-9.4637062E+00
+165.0000E-03,-24.1206E-03,-9.5682288E+00
+165.5000E-03,-25.8794E-03,-9.4637062E+00
+166.0000E-03,-24.1206E-03,-9.4637062E+00
+166.5000E-03,-22.1106E-03,-9.4637062E+00
+167.0000E-03,-23.8693E-03,-9.3657163E+00
+167.5000E-03,-17.8392E-03,-9.4637062E+00
+168.0000E-03,-20.1005E-03,-9.3591836E+00
+168.5000E-03,-17.8392E-03,-9.4179776E+00
+169.0000E-03,-16.0804E-03,-9.4637062E+00
+169.5000E-03,-13.8191E-03,-9.3657163E+00
+170.0000E-03,-16.0804E-03,-9.3657163E+00
+170.5000E-03,-13.8191E-03,-9.4179776E+00
+171.0000E-03,-12.0603E-03,-9.2611937E+00
+171.5000E-03,-12.0603E-03,-9.3591836E+00
+172.0000E-03,-12.0603E-03,-9.3591836E+00
+172.5000E-03,-8.0402E-03,-9.4179776E+00
+173.0000E-03,-8.0402E-03,-9.3591836E+00
+173.5000E-03,-8.0402E-03,-9.3069223E+00
+174.0000E-03,-4.0201E-03,-9.3591836E+00
+174.5000E-03,-4.0201E-03,-9.3069223E+00
+175.0000E-03,-7.7889E-03,-9.2611937E+00
+175.5000E-03,-4.0201E-03,-9.3591836E+00
+176.0000E-03,-3.7688E-03,-9.3657163E+00
+176.5000E-03,-1.7588E-03,-9.3591836E+00
+177.0000E-03,+0.0E+00,-9.3591836E+00
+177.5000E-03,-4.0201E-03,-9.4179776E+00
+178.0000E-03,+0.0E+00,-9.3657163E+00
+178.5000E-03,+2.0101E-03,-9.4114449E+00
+179.0000E-03,+4.0201E-03,-9.3591836E+00
+179.5000E-03,+4.0201E-03,-9.4179776E+00
+180.0000E-03,+4.0201E-03,-9.3657163E+00
+180.5000E-03,+5.7789E-03,-9.3134550E+00
+181.0000E-03,+4.0201E-03,-9.3591836E+00
+181.5000E-03,+4.0201E-03,-9.4114449E+00
+182.0000E-03,+12.0603E-03,-9.2611937E+00
+182.5000E-03,+9.7990E-03,-9.4179776E+00
+183.0000E-03,+12.0603E-03,-9.3657163E+00
+183.5000E-03,+9.7990E-03,-9.4637062E+00
+184.0000E-03,+12.0603E-03,-9.3657163E+00
+184.5000E-03,+13.8191E-03,-9.4637062E+00
+185.0000E-03,+16.0804E-03,-9.5682288E+00
+185.5000E-03,+16.0804E-03,-9.4637062E+00
+186.0000E-03,+15.8291E-03,-9.3657163E+00
+186.5000E-03,+16.0804E-03,-9.5159675E+00
+187.0000E-03,+19.8492E-03,-9.5682288E+00
+187.5000E-03,+17.8392E-03,-9.5225002E+00
+188.0000E-03,+20.1005E-03,-9.4637062E+00
+188.5000E-03,+20.1005E-03,-9.5159675E+00
+189.0000E-03,+20.1005E-03,-9.5682288E+00
+189.5000E-03,+24.1206E-03,-9.5159675E+00
+190.0000E-03,+24.1206E-03,-9.5747615E+00
+190.5000E-03,+24.1206E-03,-9.6270228E+00
+191.0000E-03,+27.8894E-03,-9.5682288E+00
+191.5000E-03,+28.1407E-03,-9.6727515E+00
+192.0000E-03,+28.1407E-03,-9.6727515E+00
+192.5000E-03,+28.1407E-03,-9.7315454E+00
+193.0000E-03,+32.1608E-03,-9.6727515E+00
+193.5000E-03,+30.1508E-03,-9.7772741E+00
+194.0000E-03,+32.1608E-03,-9.8817967E+00
+194.5000E-03,+32.1608E-03,-9.7772741E+00
+195.0000E-03,+35.9296E-03,-9.7772741E+00
+195.5000E-03,+36.1809E-03,-9.8360680E+00
+196.0000E-03,+36.1809E-03,-9.8817967E+00
+196.5000E-03,+36.1809E-03,-9.8360680E+00
+197.0000E-03,+39.9497E-03,-9.8817967E+00
+197.5000E-03,+38.1910E-03,-9.9340580E+00
+198.0000E-03,+40.2010E-03,-9.8883294E+00
+198.5000E-03,+42.2111E-03,-9.9863193E+00
+199.0000E-03,+40.2010E-03,-10.0908419E+00
+199.5000E-03,+41.9598E-03,-10.0451133E+00
+200.0000E-03,+47.9899E-03,-9.9863193E+00
+200.5000E-03,+48.2412E-03,-10.0908419E+00
+201.0000E-03,+44.2211E-03,-10.0908419E+00
+201.5000E-03,+48.2412E-03,-10.1496359E+00
+202.0000E-03,+52.2613E-03,-10.1953645E+00
+202.5000E-03,+50.0000E-03,-10.1496359E+00
+203.0000E-03,+52.0100E-03,-10.1953645E+00
+203.5000E-03,+52.2613E-03,-10.2476258E+00
+204.0000E-03,+52.2613E-03,-10.2998872E+00
+204.5000E-03,+52.2613E-03,-10.3586811E+00
+205.0000E-03,+52.0100E-03,-10.3064198E+00
+205.5000E-03,+56.2814E-03,-10.3586811E+00
+206.0000E-03,+60.0503E-03,-10.3064198E+00
+206.5000E-03,+56.2814E-03,-10.4632037E+00
+207.0000E-03,+56.2814E-03,-10.5089324E+00
+207.5000E-03,+58.2915E-03,-10.5089324E+00
+208.0000E-03,+60.3015E-03,-10.5089324E+00
+208.5000E-03,+62.3116E-03,-10.5611937E+00
+209.0000E-03,+60.3015E-03,-10.6134550E+00
+209.5000E-03,+60.3015E-03,-10.6134550E+00
+210.0000E-03,+64.3216E-03,-10.6199877E+00
+210.5000E-03,+64.3216E-03,-10.7179776E+00
+211.0000E-03,+68.3417E-03,-10.7245103E+00
+211.5000E-03,+68.3417E-03,-10.7179776E+00
+212.0000E-03,+68.3417E-03,-10.8225002E+00
+212.5000E-03,+72.3618E-03,-10.8747615E+00
+213.0000E-03,+68.3417E-03,-11.0250128E+00
+213.5000E-03,+72.3618E-03,-10.9792842E+00
+214.0000E-03,+72.1106E-03,-10.9270228E+00
+214.5000E-03,+72.3618E-03,-11.1883294E+00
+215.0000E-03,+76.3819E-03,-11.0315455E+00
+215.5000E-03,+76.3819E-03,-11.2405907E+00
+216.0000E-03,+76.3819E-03,-11.1360681E+00
+216.5000E-03,+80.4020E-03,-11.2863193E+00
+217.0000E-03,+76.3819E-03,-11.3451133E+00
+217.5000E-03,+80.4020E-03,-11.3451133E+00
+218.0000E-03,+80.4020E-03,-11.3451133E+00
+218.5000E-03,+82.1608E-03,-11.4496359E+00
+219.0000E-03,+80.4020E-03,-11.5476259E+00
+219.5000E-03,+84.4221E-03,-11.5018972E+00
+220.0000E-03,+84.4221E-03,-11.4496359E+00
+220.5000E-03,+82.1608E-03,-11.5998872E+00
+221.0000E-03,+84.4221E-03,-11.6586812E+00
+221.5000E-03,+86.1809E-03,-11.7044098E+00
+222.0000E-03,+84.4221E-03,-11.8611937E+00
+222.5000E-03,+90.2010E-03,-11.7632038E+00
+223.0000E-03,+92.2111E-03,-11.8677264E+00
+223.5000E-03,+90.4523E-03,-11.9722490E+00
+224.0000E-03,+92.4623E-03,-12.0767716E+00
+224.5000E-03,+92.4623E-03,-11.9722490E+00
+225.0000E-03,+92.4623E-03,-12.0767716E+00
+225.5000E-03,+96.4824E-03,-12.1812942E+00
+226.0000E-03,+92.4623E-03,-12.2858168E+00
+226.5000E-03,+94.4724E-03,-12.2270229E+00
+227.0000E-03,+88.4422E-03,-12.3903395E+00
+227.5000E-03,+92.4623E-03,-12.3903395E+00
+228.0000E-03,+88.4422E-03,-12.3903395E+00
+228.5000E-03,+90.2010E-03,-12.4948621E+00
+229.0000E-03,+84.4221E-03,-12.4948621E+00
+229.5000E-03,+88.4422E-03,-12.4948621E+00
+230.0000E-03,+88.4422E-03,-12.5993847E+00
+230.5000E-03,+84.4221E-03,-12.5993847E+00
+231.0000E-03,+84.4221E-03,-12.6973746E+00
+231.5000E-03,+84.4221E-03,-12.8084299E+00
+232.0000E-03,+84.4221E-03,-12.9129525E+00
+232.5000E-03,+82.4121E-03,-12.8541586E+00
+233.0000E-03,+80.4020E-03,-12.9129525E+00
+233.5000E-03,+80.4020E-03,-12.9586812E+00
+234.0000E-03,+80.4020E-03,-13.1219978E+00
+234.5000E-03,+76.3819E-03,-13.0174752E+00
+235.0000E-03,+76.3819E-03,-13.1219978E+00
+235.5000E-03,+74.1206E-03,-13.1742591E+00
+236.0000E-03,+72.3618E-03,-13.2265204E+00
+236.5000E-03,+74.1206E-03,-13.2265204E+00
+237.0000E-03,+72.3618E-03,-13.3245103E+00
+237.5000E-03,+70.1005E-03,-13.3310430E+00
+238.0000E-03,+72.3618E-03,-13.4290330E+00
+238.5000E-03,+72.3618E-03,-13.4355656E+00
+239.0000E-03,+64.3216E-03,-13.4355656E+00
+239.5000E-03,+66.0804E-03,-13.5400882E+00
+240.0000E-03,+68.3417E-03,-13.5400882E+00
+240.5000E-03,+68.3417E-03,-13.5400882E+00
+241.0000E-03,+60.3015E-03,-13.6380782E+00
+241.5000E-03,+64.3216E-03,-13.6903395E+00
+242.0000E-03,+60.3015E-03,-13.7491335E+00
+242.5000E-03,+62.3116E-03,-13.7491335E+00
+243.0000E-03,+60.3015E-03,-13.7491335E+00
+243.5000E-03,+60.3015E-03,-13.8013948E+00
+244.0000E-03,+60.0503E-03,-13.8536561E+00
+244.5000E-03,+56.2814E-03,-13.9059174E+00
+245.0000E-03,+60.0503E-03,-13.8536561E+00
+245.5000E-03,+58.2915E-03,-13.8536561E+00
+246.0000E-03,+56.2814E-03,-13.9581787E+00
+246.5000E-03,+52.2613E-03,-14.0104400E+00
+247.0000E-03,+56.0302E-03,-14.0627013E+00
+247.5000E-03,+50.2513E-03,-14.0627013E+00
+248.0000E-03,+52.2613E-03,-14.1606913E+00
+248.5000E-03,+52.2613E-03,-14.1084300E+00
+249.0000E-03,+48.2412E-03,-14.1606913E+00
+249.5000E-03,+45.9799E-03,-14.2194852E+00
+250.0000E-03,+48.2412E-03,-14.1672239E+00
+250.5000E-03,+48.2412E-03,-14.2129526E+00
+251.0000E-03,+44.2211E-03,-14.1672239E+00
+251.5000E-03,+44.2211E-03,-14.3762692E+00
+252.0000E-03,+43.9698E-03,-14.3697365E+00
+252.5000E-03,+42.2111E-03,-14.3174752E+00
+253.0000E-03,+40.2010E-03,-14.3697365E+00
+253.5000E-03,+37.9397E-03,-14.4219978E+00
+254.0000E-03,+40.2010E-03,-14.4807918E+00
+254.5000E-03,+37.9397E-03,-14.4219978E+00
+255.0000E-03,+39.9497E-03,-14.3762692E+00
+255.5000E-03,+36.1809E-03,-14.4807918E+00
+256.0000E-03,+35.9296E-03,-14.4807918E+00
+256.5000E-03,+32.1608E-03,-14.5330531E+00
+257.0000E-03,+35.9296E-03,-14.4807918E+00
+257.5000E-03,+34.1709E-03,-14.5330531E+00
+258.0000E-03,+28.1407E-03,-14.4807918E+00
+258.5000E-03,+28.1407E-03,-14.6310430E+00
+259.0000E-03,+28.1407E-03,-14.5853144E+00
+259.5000E-03,+28.1407E-03,-14.6310430E+00
+260.0000E-03,+27.8894E-03,-14.6833043E+00
+260.5000E-03,+28.1407E-03,-14.5853144E+00
+261.0000E-03,+24.1206E-03,-14.7878270E+00
+261.5000E-03,+24.1206E-03,-14.6898370E+00
+262.0000E-03,+24.1206E-03,-14.6898370E+00
+262.5000E-03,+22.1106E-03,-14.7355657E+00
+263.0000E-03,+20.1005E-03,-14.7943596E+00
+263.5000E-03,+18.0905E-03,-14.7420983E+00
+264.0000E-03,+20.1005E-03,-14.7943596E+00
+264.5000E-03,+16.0804E-03,-14.7943596E+00
+265.0000E-03,+20.1005E-03,-14.8923496E+00
+265.5000E-03,+16.0804E-03,-14.7943596E+00
+266.0000E-03,+12.0603E-03,-14.7943596E+00
+266.5000E-03,+16.0804E-03,-14.7943596E+00
+267.0000E-03,+15.8291E-03,-14.8923496E+00
+267.5000E-03,+12.0603E-03,-14.7943596E+00
+268.0000E-03,+8.0402E-03,-14.8923496E+00
+268.5000E-03,+6.0302E-03,-14.8400883E+00
+269.0000E-03,+8.0402E-03,-14.8988822E+00
+269.5000E-03,+9.7990E-03,-14.7943596E+00
+270.0000E-03,+7.7889E-03,-14.7943596E+00
+270.5000E-03,+6.0302E-03,-14.8988822E+00
+271.0000E-03,+4.0201E-03,-14.7943596E+00
+271.5000E-03,+4.0201E-03,-14.9511435E+00
+272.0000E-03,+3.7688E-03,-14.8988822E+00
+272.5000E-03,+4.0201E-03,-14.8400883E+00
+273.0000E-03,+0.0E+00,-14.9968722E+00
+273.5000E-03,+0.0E+00,-14.8400883E+00
+274.0000E-03,+0.0E+00,-14.8988822E+00
+274.5000E-03,+0.0E+00,-14.8466209E+00
+275.0000E-03,-3.7688E-03,-14.8988822E+00
+275.5000E-03,-2.0101E-03,-14.8466209E+00
+276.0000E-03,+0.0E+00,-14.8923496E+00
+276.5000E-03,-4.0201E-03,-14.8400883E+00
+277.0000E-03,-8.0402E-03,-14.8988822E+00
+277.5000E-03,-6.0302E-03,-14.8988822E+00
+278.0000E-03,-11.8090E-03,-14.8988822E+00
+278.5000E-03,-8.0402E-03,-14.8988822E+00
+279.0000E-03,-12.0603E-03,-14.8988822E+00
+279.5000E-03,-12.0603E-03,-14.7943596E+00
+280.0000E-03,-15.8291E-03,-14.8923496E+00
+280.5000E-03,-12.0603E-03,-14.7943596E+00
+281.0000E-03,-19.8492E-03,-14.7943596E+00
+281.5000E-03,-16.0804E-03,-14.7420983E+00
+282.0000E-03,-16.0804E-03,-14.8923496E+00
+282.5000E-03,-20.1005E-03,-14.8400883E+00
+283.0000E-03,-20.1005E-03,-14.7943596E+00
+283.5000E-03,-20.1005E-03,-14.6898370E+00
+284.0000E-03,-20.1005E-03,-14.7943596E+00
+284.5000E-03,-24.1206E-03,-14.7943596E+00
+285.0000E-03,-20.1005E-03,-14.7943596E+00
+285.5000E-03,-24.1206E-03,-14.7420983E+00
+286.0000E-03,-20.1005E-03,-14.7878270E+00
+286.5000E-03,-24.1206E-03,-14.7420983E+00
+287.0000E-03,-24.1206E-03,-14.6898370E+00
+287.5000E-03,-28.1407E-03,-14.6898370E+00
+288.0000E-03,-28.1407E-03,-14.6898370E+00
+288.5000E-03,-32.1608E-03,-14.6898370E+00
+289.0000E-03,-31.9095E-03,-14.6898370E+00
+289.5000E-03,-32.1608E-03,-14.6310430E+00
+290.0000E-03,-32.1608E-03,-14.5853144E+00
+290.5000E-03,-36.1809E-03,-14.5853144E+00
+291.0000E-03,-35.9296E-03,-14.5853144E+00
+291.5000E-03,-36.1809E-03,-14.5853144E+00
+292.0000E-03,-40.2010E-03,-14.5853144E+00
+292.5000E-03,-37.9397E-03,-14.5330531E+00
+293.0000E-03,-40.2010E-03,-14.4807918E+00
+293.5000E-03,-37.9397E-03,-14.4807918E+00
+294.0000E-03,-43.9698E-03,-14.4807918E+00
+294.5000E-03,-44.2211E-03,-14.3762692E+00
+295.0000E-03,-40.2010E-03,-14.2717465E+00
+295.5000E-03,-44.2211E-03,-14.3762692E+00
+296.0000E-03,-44.2211E-03,-14.3697365E+00
+296.5000E-03,-46.2312E-03,-14.3240079E+00
+297.0000E-03,-48.2412E-03,-14.2717465E+00
+297.5000E-03,-48.2412E-03,-14.3240079E+00
+298.0000E-03,-52.0100E-03,-14.1672239E+00
+298.5000E-03,-52.2613E-03,-14.2129526E+00
+299.0000E-03,-48.2412E-03,-14.1672239E+00
+299.5000E-03,-52.2613E-03,-14.1149626E+00
+300.0000E-03,-52.2613E-03,-14.1672239E+00
+300.5000E-03,-54.0201E-03,-14.1084300E+00
+301.0000E-03,-52.2613E-03,-14.1672239E+00
+301.5000E-03,-54.2714E-03,-14.0627013E+00
+302.0000E-03,-56.2814E-03,-14.0561687E+00
+302.5000E-03,-58.0402E-03,-13.9581787E+00
+303.0000E-03,-56.2814E-03,-13.9581787E+00
+303.5000E-03,-58.2915E-03,-13.8993847E+00
+304.0000E-03,-64.0704E-03,-13.9516460E+00
+304.5000E-03,-60.3015E-03,-13.8536561E+00
+305.0000E-03,-60.3015E-03,-13.8536561E+00
+305.5000E-03,-64.3216E-03,-13.8013948E+00
+306.0000E-03,-64.3216E-03,-13.6446109E+00
+306.5000E-03,-64.3216E-03,-13.6968722E+00
+307.0000E-03,-68.3417E-03,-13.7426008E+00
+307.5000E-03,-64.3216E-03,-13.6446109E+00
+308.0000E-03,-68.0905E-03,-13.6446109E+00
+308.5000E-03,-70.1005E-03,-13.5923495E+00
+309.0000E-03,-72.3618E-03,-13.6380782E+00
+309.5000E-03,-72.3618E-03,-13.5400882E+00
+310.0000E-03,-76.1307E-03,-13.4355656E+00
+310.5000E-03,-70.1005E-03,-13.4355656E+00
+311.0000E-03,-72.3618E-03,-13.3310430E+00
+311.5000E-03,-74.1206E-03,-13.3310430E+00
+312.0000E-03,-76.3819E-03,-13.3310430E+00
+312.5000E-03,-80.4020E-03,-13.2265204E+00
+313.0000E-03,-80.4020E-03,-13.2265204E+00
+313.5000E-03,-78.1407E-03,-13.2265204E+00
+314.0000E-03,-84.4221E-03,-13.1219978E+00
+314.5000E-03,-80.4020E-03,-13.0697365E+00
+315.0000E-03,-84.1709E-03,-12.9129525E+00
+315.5000E-03,-84.4221E-03,-12.9586812E+00
+316.0000E-03,-84.4221E-03,-12.9129525E+00
+316.5000E-03,-84.4221E-03,-12.8606912E+00
+317.0000E-03,-88.4422E-03,-13.0109425E+00
+317.5000E-03,-88.4422E-03,-12.7561686E+00
+318.0000E-03,-88.4422E-03,-12.7039073E+00
+318.5000E-03,-90.2010E-03,-12.7039073E+00
+319.0000E-03,-92.2111E-03,-12.7039073E+00
+319.5000E-03,-90.2010E-03,-12.6451133E+00
+320.0000E-03,-92.4623E-03,-12.4948621E+00
+320.5000E-03,-96.4824E-03,-12.4948621E+00
+321.0000E-03,-92.4623E-03,-12.3903395E+00
+321.5000E-03,-94.2211E-03,-12.3380782E+00
+322.0000E-03,-100.2513E-03,-12.4883294E+00
+322.5000E-03,-96.4824E-03,-12.2858168E+00
+323.0000E-03,-100.2513E-03,-12.1812942E+00
+323.5000E-03,-100.5025E-03,-12.1812942E+00
+324.0000E-03,-100.5025E-03,-12.0767716E+00
+324.5000E-03,-100.5025E-03,-12.0245103E+00
+325.0000E-03,-100.5025E-03,-12.0702390E+00
+325.5000E-03,-102.5126E-03,-11.9722490E+00
+326.0000E-03,-104.2714E-03,-11.8677264E+00
+326.5000E-03,-102.2613E-03,-11.8677264E+00
+327.0000E-03,-100.5025E-03,-11.8677264E+00
+327.5000E-03,-98.4925E-03,-11.7632038E+00
+328.0000E-03,-100.5025E-03,-11.6586812E+00
+328.5000E-03,-98.4925E-03,-11.6586812E+00
+329.0000E-03,-100.2513E-03,-11.7566711E+00
+329.5000E-03,-96.4824E-03,-11.5541585E+00
+330.0000E-03,-92.4623E-03,-11.4496359E+00
+330.5000E-03,-92.4623E-03,-11.3973746E+00
+331.0000E-03,-88.4422E-03,-11.3451133E+00
+331.5000E-03,-92.4623E-03,-11.3451133E+00
+332.0000E-03,-96.2312E-03,-11.3385806E+00
+332.5000E-03,-90.2010E-03,-11.3451133E+00
+333.0000E-03,-92.2111E-03,-11.2340580E+00
+333.5000E-03,-88.4422E-03,-11.1295354E+00
+334.0000E-03,-88.4422E-03,-11.2340580E+00
+334.5000E-03,-84.4221E-03,-11.0315455E+00
+335.0000E-03,-84.4221E-03,-11.0315455E+00
+335.5000E-03,-82.4121E-03,-10.9270228E+00
+336.0000E-03,-80.4020E-03,-10.9270228E+00
+336.5000E-03,-82.4121E-03,-10.9270228E+00
+337.0000E-03,-76.3819E-03,-10.8225002E+00
+337.5000E-03,-80.4020E-03,-10.8682289E+00
+338.0000E-03,-76.3819E-03,-10.7179776E+00
+338.5000E-03,-78.3920E-03,-10.7702389E+00
+339.0000E-03,-76.3819E-03,-10.8225002E+00
+339.5000E-03,-76.3819E-03,-10.7702389E+00
+340.0000E-03,-80.1508E-03,-10.6199877E+00
+340.5000E-03,-72.3618E-03,-10.5089324E+00
+341.0000E-03,-72.3618E-03,-10.6134550E+00
+341.5000E-03,-70.1005E-03,-10.5611937E+00
+342.0000E-03,-72.3618E-03,-10.4109424E+00
+342.5000E-03,-70.1005E-03,-10.4566711E+00
+343.0000E-03,-72.1106E-03,-10.4044098E+00
+343.5000E-03,-68.3417E-03,-10.4044098E+00
+344.0000E-03,-68.3417E-03,-10.3064198E+00
+344.5000E-03,-68.3417E-03,-10.3586811E+00
+345.0000E-03,-68.0905E-03,-10.2998872E+00
+345.5000E-03,-66.3317E-03,-10.2476258E+00
+346.0000E-03,-64.3216E-03,-10.2018972E+00
+346.5000E-03,-62.3116E-03,-10.1953645E+00
+347.0000E-03,-60.3015E-03,-10.0973746E+00
+347.5000E-03,-62.3116E-03,-10.0908419E+00
+348.0000E-03,-60.3015E-03,-10.0908419E+00
+348.5000E-03,-58.2915E-03,-10.0908419E+00
+349.0000E-03,-52.2613E-03,-10.0908419E+00
+349.5000E-03,-56.2814E-03,-9.9863193E+00
+350.0000E-03,-56.0302E-03,-10.0908419E+00
+350.5000E-03,-54.0201E-03,-9.9340580E+00
+351.0000E-03,-56.0302E-03,-9.9863193E+00
+351.5000E-03,-56.2814E-03,-9.9405907E+00
+352.0000E-03,-52.2613E-03,-9.9863193E+00
+352.5000E-03,-50.2513E-03,-9.8817967E+00
+353.0000E-03,-48.2412E-03,-9.7838067E+00
+353.5000E-03,-45.9799E-03,-9.7772741E+00
+354.0000E-03,-48.2412E-03,-9.7772741E+00
+354.5000E-03,-45.9799E-03,-9.7772741E+00
+355.0000E-03,-44.2211E-03,-9.7772741E+00
+355.5000E-03,-44.2211E-03,-9.7772741E+00
+356.0000E-03,-43.9698E-03,-9.6727515E+00
+356.5000E-03,-40.2010E-03,-9.7315454E+00
+357.0000E-03,-36.1809E-03,-9.6727515E+00
+357.5000E-03,-38.1910E-03,-9.6204901E+00
+358.0000E-03,-40.2010E-03,-9.6727515E+00
+358.5000E-03,-40.2010E-03,-9.6270228E+00
+359.0000E-03,-36.1809E-03,-9.5682288E+00
+359.5000E-03,-32.1608E-03,-9.5682288E+00
+360.0000E-03,-35.9296E-03,-9.5747615E+00
+360.5000E-03,-33.9196E-03,-9.4637062E+00
+361.0000E-03,-39.9497E-03,-9.5682288E+00
+361.5000E-03,-33.9196E-03,-9.5682288E+00
+362.0000E-03,-32.1608E-03,-9.5682288E+00
+362.5000E-03,-28.1407E-03,-9.4637062E+00
+363.0000E-03,-27.8894E-03,-9.4702389E+00
+363.5000E-03,-28.1407E-03,-9.4637062E+00
+364.0000E-03,-28.1407E-03,-9.4637062E+00
+364.5000E-03,-25.8794E-03,-9.4637062E+00
+365.0000E-03,-24.1206E-03,-9.3657163E+00
+365.5000E-03,-22.1106E-03,-9.4637062E+00
+366.0000E-03,-24.1206E-03,-9.4637062E+00
+366.5000E-03,-24.1206E-03,-9.4637062E+00
+367.0000E-03,-20.1005E-03,-9.4637062E+00
+367.5000E-03,-20.1005E-03,-9.4114449E+00
+368.0000E-03,-19.8492E-03,-9.3657163E+00
+368.5000E-03,-17.8392E-03,-9.4114449E+00
+369.0000E-03,-16.0804E-03,-9.4637062E+00
+369.5000E-03,-18.0905E-03,-9.3591836E+00
+370.0000E-03,-12.0603E-03,-9.3591836E+00
+370.5000E-03,-14.0704E-03,-9.4179776E+00
+371.0000E-03,-15.8291E-03,-9.3591836E+00
+371.5000E-03,-9.7990E-03,-9.3591836E+00
+372.0000E-03,-8.0402E-03,-9.4637062E+00
+372.5000E-03,-12.0603E-03,-9.3134550E+00
+373.0000E-03,-8.0402E-03,-9.3591836E+00
+373.5000E-03,-8.0402E-03,-9.3591836E+00
+374.0000E-03,-4.0201E-03,-9.2611937E+00
+374.5000E-03,-8.0402E-03,-9.3591836E+00
+375.0000E-03,-8.0402E-03,-9.2611937E+00
+375.5000E-03,-4.0201E-03,-9.3591836E+00
+376.0000E-03,-3.7688E-03,-9.3591836E+00
+376.5000E-03,-2.0101E-03,-9.3591836E+00
+377.0000E-03,+0.0E+00,-9.3591836E+00
+377.5000E-03,+1.7588E-03,-9.3591836E+00
+378.0000E-03,+0.0E+00,-9.3591836E+00
+378.5000E-03,+4.0201E-03,-9.4114449E+00
+379.0000E-03,+4.0201E-03,-9.3591836E+00
+379.5000E-03,+6.0302E-03,-9.3591836E+00
+380.0000E-03,+7.7889E-03,-9.4637062E+00
+380.5000E-03,+8.0402E-03,-9.4179776E+00
+381.0000E-03,+8.0402E-03,-9.3591836E+00
+381.5000E-03,+8.0402E-03,-9.4114449E+00
+382.0000E-03,+11.8090E-03,-9.2611937E+00
+382.5000E-03,+9.7990E-03,-9.3591836E+00
+383.0000E-03,+8.0402E-03,-9.4637062E+00
+383.5000E-03,+14.0704E-03,-9.4114449E+00
+384.0000E-03,+12.0603E-03,-9.3657163E+00
+384.5000E-03,+13.8191E-03,-9.4637062E+00
+385.0000E-03,+16.0804E-03,-9.4637062E+00
+385.5000E-03,+16.0804E-03,-9.4637062E+00
+386.0000E-03,+16.0804E-03,-9.4637062E+00
+386.5000E-03,+17.8392E-03,-9.5225002E+00
+387.0000E-03,+20.1005E-03,-9.5682288E+00
+387.5000E-03,+20.1005E-03,-9.5159675E+00
+388.0000E-03,+20.1005E-03,-9.4637062E+00
+388.5000E-03,+24.1206E-03,-9.5682288E+00
+389.0000E-03,+20.1005E-03,-9.5682288E+00
+389.5000E-03,+24.1206E-03,-9.5682288E+00
+390.0000E-03,+24.1206E-03,-9.4702389E+00
+390.5000E-03,+24.1206E-03,-9.6270228E+00
+391.0000E-03,+24.1206E-03,-9.6727515E+00
+391.5000E-03,+26.1307E-03,-9.6727515E+00
+392.0000E-03,+28.1407E-03,-9.5747615E+00
+392.5000E-03,+29.8995E-03,-9.7315454E+00
+393.0000E-03,+32.1608E-03,-9.7772741E+00
+393.5000E-03,+30.1508E-03,-9.7772741E+00
+394.0000E-03,+31.9095E-03,-9.7772741E+00
+394.5000E-03,+34.1709E-03,-9.7250128E+00
+395.0000E-03,+32.1608E-03,-9.7772741E+00
+395.5000E-03,+36.1809E-03,-9.8295354E+00
+396.0000E-03,+36.1809E-03,-9.8817967E+00
+396.5000E-03,+36.1809E-03,-9.8295354E+00
+397.0000E-03,+36.1809E-03,-9.8817967E+00
+397.5000E-03,+40.2010E-03,-9.8817967E+00
+398.0000E-03,+44.2211E-03,-9.9863193E+00
+398.5000E-03,+42.2111E-03,-9.8817967E+00
+399.0000E-03,+44.2211E-03,-9.9863193E+00
+399.5000E-03,+43.9698E-03,-9.9863193E+00
+400.0000E-03,+44.2211E-03,-9.9863193E+00
+400.5000E-03,+46.2312E-03,-10.0385806E+00
+401.0000E-03,+44.2211E-03,-10.1953645E+00
+401.5000E-03,+48.2412E-03,-10.1496359E+00
+402.0000E-03,+44.2211E-03,-10.1953645E+00
+402.5000E-03,+48.2412E-03,-10.2541585E+00
+403.0000E-03,+52.2613E-03,-10.2998872E+00
+403.5000E-03,+50.0000E-03,-10.2998872E+00
+404.0000E-03,+52.2613E-03,-10.1953645E+00
+404.5000E-03,+52.2613E-03,-10.2998872E+00
+405.0000E-03,+52.2613E-03,-10.3064198E+00
+405.5000E-03,+56.2814E-03,-10.4044098E+00
+406.0000E-03,+56.2814E-03,-10.5089324E+00
+406.5000E-03,+58.2915E-03,-10.4566711E+00
+407.0000E-03,+56.2814E-03,-10.4109424E+00
+407.5000E-03,+56.2814E-03,-10.5089324E+00
+408.0000E-03,+64.0704E-03,-10.5089324E+00
+408.5000E-03,+62.0603E-03,-10.6134550E+00
+409.0000E-03,+64.0704E-03,-10.6199877E+00
+409.5000E-03,+64.0704E-03,-10.6134550E+00
+410.0000E-03,+64.3216E-03,-10.7179776E+00
+410.5000E-03,+64.0704E-03,-10.7179776E+00
+411.0000E-03,+64.3216E-03,-10.8225002E+00
+411.5000E-03,+66.0804E-03,-10.8225002E+00
+412.0000E-03,+68.0905E-03,-10.8225002E+00
+412.5000E-03,+68.3417E-03,-10.8747615E+00
+413.0000E-03,+68.3417E-03,-10.9270228E+00
+413.5000E-03,+70.1005E-03,-10.9792842E+00
+414.0000E-03,+72.3618E-03,-11.1295354E+00
+414.5000E-03,+74.1206E-03,-11.0838068E+00
+415.0000E-03,+76.1307E-03,-11.2340580E+00
+415.5000E-03,+76.3819E-03,-11.1360681E+00
+416.0000E-03,+76.3819E-03,-11.1360681E+00
+416.5000E-03,+78.1407E-03,-11.2405907E+00
+417.0000E-03,+76.3819E-03,-11.3451133E+00
+417.5000E-03,+78.1407E-03,-11.3451133E+00
+418.0000E-03,+76.3819E-03,-11.4431033E+00
+418.5000E-03,+82.1608E-03,-11.4496359E+00
+419.0000E-03,+80.4020E-03,-11.3451133E+00
+419.5000E-03,+82.1608E-03,-11.5541585E+00
+420.0000E-03,+80.4020E-03,-11.5541585E+00
+420.5000E-03,+84.4221E-03,-11.7109425E+00
+421.0000E-03,+84.4221E-03,-11.7566711E+00
+421.5000E-03,+88.4422E-03,-11.7566711E+00
+422.0000E-03,+92.2111E-03,-11.8611937E+00
+422.5000E-03,+90.4523E-03,-11.8089324E+00
+423.0000E-03,+96.2312E-03,-11.8677264E+00
+423.5000E-03,+90.2010E-03,-11.9722490E+00
+424.0000E-03,+96.4824E-03,-11.9722490E+00
+424.5000E-03,+96.4824E-03,-12.0179776E+00
+425.0000E-03,+100.2513E-03,-12.0767716E+00
+425.5000E-03,+96.4824E-03,-12.1812942E+00
+426.0000E-03,+100.2513E-03,-12.1812942E+00
+426.5000E-03,+94.2211E-03,-12.3380782E+00
+427.0000E-03,+92.4623E-03,-12.2858168E+00
+427.5000E-03,+92.4623E-03,-12.3315455E+00
+428.0000E-03,+92.4623E-03,-12.3903395E+00
+428.5000E-03,+88.4422E-03,-12.4948621E+00
+429.0000E-03,+88.4422E-03,-12.5928520E+00
+429.5000E-03,+88.4422E-03,-12.5471234E+00
+430.0000E-03,+84.4221E-03,-12.7039073E+00
+430.5000E-03,+86.1809E-03,-12.7496360E+00
+431.0000E-03,+84.4221E-03,-12.7039073E+00
+431.5000E-03,+84.4221E-03,-12.7039073E+00
+432.0000E-03,+84.4221E-03,-12.9129525E+00
+432.5000E-03,+82.1608E-03,-12.9129525E+00
+433.0000E-03,+80.1508E-03,-12.9129525E+00
+433.5000E-03,+84.4221E-03,-12.9652139E+00
+434.0000E-03,+76.3819E-03,-13.1154651E+00
+434.5000E-03,+78.3920E-03,-13.1219978E+00
+435.0000E-03,+76.3819E-03,-13.1219978E+00
+435.5000E-03,+74.1206E-03,-13.1742591E+00
+436.0000E-03,+76.1307E-03,-13.2199877E+00
+436.5000E-03,+74.1206E-03,-13.2787817E+00
+437.0000E-03,+72.3618E-03,-13.3310430E+00
+437.5000E-03,+70.1005E-03,-13.2787817E+00
+438.0000E-03,+68.3417E-03,-13.3310430E+00
+438.5000E-03,+72.3618E-03,-13.3833043E+00
+439.0000E-03,+72.3618E-03,-13.4355656E+00
+439.5000E-03,+68.3417E-03,-13.4878269E+00
+440.0000E-03,+64.3216E-03,-13.5400882E+00
+440.5000E-03,+66.3317E-03,-13.5858169E+00
+441.0000E-03,+64.3216E-03,-13.6380782E+00
+441.5000E-03,+64.3216E-03,-13.5923495E+00
+442.0000E-03,+64.3216E-03,-13.7491335E+00
+442.5000E-03,+64.3216E-03,-13.7491335E+00
+443.0000E-03,+60.3015E-03,-13.7491335E+00
+443.5000E-03,+60.3015E-03,-13.7491335E+00
+444.0000E-03,+60.3015E-03,-13.8536561E+00
+444.5000E-03,+58.2915E-03,-13.9581787E+00
+445.0000E-03,+56.2814E-03,-13.8471234E+00
+445.5000E-03,+56.2814E-03,-13.9059174E+00
+446.0000E-03,+52.2613E-03,-14.0561687E+00
+446.5000E-03,+54.2714E-03,-14.0104400E+00
+447.0000E-03,+56.0302E-03,-13.9581787E+00
+447.5000E-03,+50.0000E-03,-14.0627013E+00
+448.0000E-03,+52.0100E-03,-14.0561687E+00
+448.5000E-03,+50.0000E-03,-14.1149626E+00
+449.0000E-03,+48.2412E-03,-14.1672239E+00
+449.5000E-03,+48.2412E-03,-14.1672239E+00
+450.0000E-03,+44.2211E-03,-14.2717465E+00
+450.5000E-03,+44.2211E-03,-14.2129526E+00
+451.0000E-03,+44.2211E-03,-14.2652139E+00
+451.5000E-03,+43.9698E-03,-14.2129526E+00
+452.0000E-03,+40.2010E-03,-14.3762692E+00
+452.5000E-03,+41.9598E-03,-14.3762692E+00
+453.0000E-03,+40.2010E-03,-14.2717465E+00
+453.5000E-03,+38.1910E-03,-14.3762692E+00
+454.0000E-03,+39.9497E-03,-14.3762692E+00
+454.5000E-03,+37.9397E-03,-14.4219978E+00
+455.0000E-03,+36.1809E-03,-14.4742591E+00
+455.5000E-03,+33.9196E-03,-14.4285305E+00
+456.0000E-03,+36.1809E-03,-14.4807918E+00
+456.5000E-03,+32.1608E-03,-14.4807918E+00
+457.0000E-03,+32.1608E-03,-14.5853144E+00
+457.5000E-03,+32.1608E-03,-14.5330531E+00
+458.0000E-03,+31.9095E-03,-14.5853144E+00
+458.5000E-03,+32.1608E-03,-14.6375757E+00
+459.0000E-03,+28.1407E-03,-14.5853144E+00
+459.5000E-03,+28.1407E-03,-14.6310430E+00
+460.0000E-03,+27.8894E-03,-14.5853144E+00
+460.5000E-03,+26.1307E-03,-14.6898370E+00
+461.0000E-03,+24.1206E-03,-14.5853144E+00
+461.5000E-03,+24.1206E-03,-14.6898370E+00
+462.0000E-03,+20.1005E-03,-14.6898370E+00
+462.5000E-03,+24.1206E-03,-14.6898370E+00
+463.0000E-03,+23.8693E-03,-14.6898370E+00
+463.5000E-03,+17.8392E-03,-14.7420983E+00
+464.0000E-03,+20.1005E-03,-14.6898370E+00
+464.5000E-03,+16.0804E-03,-14.7943596E+00
+465.0000E-03,+16.0804E-03,-14.7943596E+00
+465.5000E-03,+17.8392E-03,-14.7943596E+00
+466.0000E-03,+16.0804E-03,-14.7943596E+00
+466.5000E-03,+13.8191E-03,-14.7420983E+00
+467.0000E-03,+12.0603E-03,-14.7943596E+00
+467.5000E-03,+10.0503E-03,-14.8466209E+00
+468.0000E-03,+11.8090E-03,-14.8923496E+00
+468.5000E-03,+10.0503E-03,-14.7943596E+00
+469.0000E-03,+8.0402E-03,-14.8923496E+00
+469.5000E-03,+5.7789E-03,-14.8988822E+00
+470.0000E-03,+4.0201E-03,-14.7943596E+00
+470.5000E-03,+8.0402E-03,-14.8400883E+00
+471.0000E-03,+4.0201E-03,-14.7943596E+00
+471.5000E-03,+4.0201E-03,-14.8400883E+00
+472.0000E-03,+4.0201E-03,-14.8988822E+00
+472.5000E-03,-2.0101E-03,-14.8988822E+00
+473.0000E-03,+0.0E+00,-14.8923496E+00
+473.5000E-03,-2.0101E-03,-14.8400883E+00
+474.0000E-03,-3.7688E-03,-14.7943596E+00
+474.5000E-03,+0.0E+00,-14.8988822E+00
+475.0000E-03,-3.7688E-03,-14.8988822E+00
+475.5000E-03,-4.0201E-03,-14.7943596E+00
+476.0000E-03,-4.0201E-03,-14.7943596E+00
+476.5000E-03,-8.0402E-03,-14.8988822E+00
+477.0000E-03,-8.0402E-03,-14.8988822E+00
+477.5000E-03,-8.0402E-03,-14.8988822E+00
+478.0000E-03,-7.7889E-03,-14.8988822E+00
+478.5000E-03,-8.0402E-03,-14.8988822E+00
+479.0000E-03,-8.0402E-03,-14.8988822E+00
+479.5000E-03,-11.8090E-03,-14.8988822E+00
+480.0000E-03,-12.0603E-03,-14.7943596E+00
+480.5000E-03,-16.0804E-03,-14.8400883E+00
+481.0000E-03,-16.0804E-03,-14.7943596E+00
+481.5000E-03,-16.0804E-03,-14.8466209E+00
+482.0000E-03,-15.8291E-03,-14.7943596E+00
+482.5000E-03,-18.0905E-03,-14.8466209E+00
+483.0000E-03,-19.8492E-03,-14.7943596E+00
+483.5000E-03,-20.1005E-03,-14.7943596E+00
+484.0000E-03,-23.8693E-03,-14.7943596E+00
+484.5000E-03,-22.1106E-03,-14.7943596E+00
+485.0000E-03,-23.8693E-03,-14.6898370E+00
+485.5000E-03,-24.1206E-03,-14.6898370E+00
+486.0000E-03,-24.1206E-03,-14.6898370E+00
+486.5000E-03,-26.1307E-03,-14.7943596E+00
+487.0000E-03,-27.8894E-03,-14.6898370E+00
+487.5000E-03,-26.1307E-03,-14.6898370E+00
+488.0000E-03,-28.1407E-03,-14.6898370E+00
+488.5000E-03,-30.1508E-03,-14.5853144E+00
+489.0000E-03,-28.1407E-03,-14.5853144E+00
+489.5000E-03,-32.1608E-03,-14.6898370E+00
+490.0000E-03,-32.1608E-03,-14.5853144E+00
+490.5000E-03,-32.1608E-03,-14.5853144E+00
+491.0000E-03,-36.1809E-03,-14.5853144E+00
+491.5000E-03,-36.1809E-03,-14.5265204E+00
+492.0000E-03,-36.1809E-03,-14.5787817E+00
+492.5000E-03,-36.1809E-03,-14.5330531E+00
+493.0000E-03,-43.9698E-03,-14.4807918E+00
+493.5000E-03,-38.1910E-03,-14.4807918E+00
+494.0000E-03,-40.2010E-03,-14.4742591E+00
+494.5000E-03,-42.2111E-03,-14.3240079E+00
+495.0000E-03,-44.2211E-03,-14.3762692E+00
+495.5000E-03,-44.2211E-03,-14.3762692E+00
+496.0000E-03,-40.2010E-03,-14.2717465E+00
+496.5000E-03,-48.2412E-03,-14.3174752E+00
+497.0000E-03,-44.2211E-03,-14.2717465E+00
+497.5000E-03,-46.2312E-03,-14.2717465E+00
+498.0000E-03,-48.2412E-03,-14.2717465E+00
+498.5000E-03,-52.2613E-03,-14.2717465E+00
+499.0000E-03,-52.0100E-03,-14.1672239E+00
+499.5000E-03,-50.0000E-03,-14.1672239E+00
+500.0000E-03,-52.2613E-03,-14.1606913E+00
+500.5000E-03,-56.2814E-03,-14.1149626E+00
+501.0000E-03,-56.2814E-03,-14.1672239E+00
+501.5000E-03,-54.0201E-03,-14.0627013E+00
+502.0000E-03,-56.2814E-03,-14.0627013E+00
+502.5000E-03,-56.2814E-03,-13.9581787E+00
+503.0000E-03,-60.3015E-03,-13.9581787E+00
+503.5000E-03,-58.0402E-03,-13.9581787E+00
+504.0000E-03,-60.3015E-03,-13.9581787E+00
+504.5000E-03,-60.3015E-03,-13.8536561E+00
+505.0000E-03,-64.0704E-03,-13.8536561E+00
+505.5000E-03,-64.3216E-03,-13.8013948E+00
+506.0000E-03,-64.3216E-03,-13.7491335E+00
+506.5000E-03,-66.3317E-03,-13.7491335E+00
+507.0000E-03,-68.3417E-03,-13.7426008E+00
+507.5000E-03,-66.0804E-03,-13.6446109E+00
+508.0000E-03,-68.3417E-03,-13.6446109E+00
+508.5000E-03,-72.3618E-03,-13.5923495E+00
+509.0000E-03,-68.3417E-03,-13.4355656E+00
+509.5000E-03,-72.3618E-03,-13.5400882E+00
+510.0000E-03,-72.3618E-03,-13.4355656E+00
+510.5000E-03,-72.3618E-03,-13.3833043E+00
+511.0000E-03,-72.3618E-03,-13.3310430E+00
+511.5000E-03,-74.1206E-03,-13.3310430E+00
+512.0000E-03,-76.3819E-03,-13.2265204E+00
+512.5000E-03,-76.3819E-03,-13.2722490E+00
+513.0000E-03,-80.1508E-03,-13.3245103E+00
+513.5000E-03,-78.3920E-03,-13.1742591E+00
+514.0000E-03,-80.4020E-03,-13.0174752E+00
+514.5000E-03,-82.1608E-03,-13.0632038E+00
+515.0000E-03,-80.4020E-03,-13.0174752E+00
+515.5000E-03,-82.1608E-03,-12.9586812E+00
+516.0000E-03,-84.1709E-03,-12.9129525E+00
+516.5000E-03,-88.4422E-03,-12.9129525E+00
+517.0000E-03,-84.4221E-03,-12.8084299E+00
+517.5000E-03,-88.4422E-03,-12.7496360E+00
+518.0000E-03,-88.4422E-03,-12.8018973E+00
+518.5000E-03,-90.4523E-03,-12.7039073E+00
+519.0000E-03,-92.2111E-03,-12.6973746E+00
+519.5000E-03,-92.4623E-03,-12.6451133E+00
+520.0000E-03,-92.4623E-03,-12.4948621E+00
+520.5000E-03,-92.4623E-03,-12.4948621E+00
+521.0000E-03,-96.4824E-03,-12.4948621E+00
+521.5000E-03,-96.4824E-03,-12.4426008E+00
+522.0000E-03,-96.4824E-03,-12.3838068E+00
+522.5000E-03,-96.4824E-03,-12.3315455E+00
+523.0000E-03,-96.4824E-03,-12.2858168E+00
+523.5000E-03,-100.5025E-03,-12.1812942E+00
+524.0000E-03,-100.5025E-03,-12.1812942E+00
+524.5000E-03,-100.5025E-03,-12.1225003E+00
+525.0000E-03,-104.5226E-03,-12.0702390E+00
+525.5000E-03,-104.5226E-03,-11.9722490E+00
+526.0000E-03,-104.5226E-03,-11.8677264E+00
+526.5000E-03,-100.5025E-03,-11.8677264E+00
+527.0000E-03,-100.5025E-03,-11.7632038E+00
+527.5000E-03,-100.5025E-03,-11.7632038E+00
+528.0000E-03,-100.2513E-03,-11.7566711E+00
+528.5000E-03,-96.4824E-03,-11.6064198E+00
+529.0000E-03,-96.4824E-03,-11.6521485E+00
+529.5000E-03,-92.4623E-03,-11.5541585E+00
+530.0000E-03,-96.2312E-03,-11.5476259E+00
+530.5000E-03,-94.2211E-03,-11.4496359E+00
+531.0000E-03,-96.4824E-03,-11.3451133E+00
+531.5000E-03,-92.4623E-03,-11.3451133E+00
+532.0000E-03,-88.4422E-03,-11.2405907E+00
+532.5000E-03,-90.4523E-03,-11.2405907E+00
+533.0000E-03,-88.4422E-03,-11.1360681E+00
+533.5000E-03,-88.4422E-03,-11.1817967E+00
+534.0000E-03,-84.4221E-03,-11.0315455E+00
+534.5000E-03,-84.4221E-03,-11.0315455E+00
+535.0000E-03,-84.4221E-03,-11.0250128E+00
+535.5000E-03,-84.4221E-03,-10.9270228E+00
+536.0000E-03,-80.4020E-03,-10.9270228E+00
+536.5000E-03,-80.4020E-03,-10.8747615E+00
+537.0000E-03,-80.4020E-03,-10.9270228E+00
+537.5000E-03,-78.1407E-03,-10.8225002E+00
+538.0000E-03,-76.3819E-03,-10.7179776E+00
+538.5000E-03,-78.1407E-03,-10.7179776E+00
+539.0000E-03,-80.1508E-03,-10.7179776E+00
+539.5000E-03,-76.3819E-03,-10.6134550E+00
+540.0000E-03,-76.3819E-03,-10.6134550E+00
+540.5000E-03,-76.3819E-03,-10.5677264E+00
+541.0000E-03,-72.1106E-03,-10.5089324E+00
+541.5000E-03,-72.3618E-03,-10.5089324E+00
+542.0000E-03,-68.3417E-03,-10.4109424E+00
+542.5000E-03,-68.3417E-03,-10.3586811E+00
+543.0000E-03,-68.3417E-03,-10.5089324E+00
+543.5000E-03,-72.3618E-03,-10.4044098E+00
+544.0000E-03,-64.3216E-03,-10.3064198E+00
+544.5000E-03,-66.3317E-03,-10.3586811E+00
+545.0000E-03,-64.3216E-03,-10.2998872E+00
+545.5000E-03,-66.0804E-03,-10.2998872E+00
+546.0000E-03,-60.3015E-03,-10.1953645E+00
+546.5000E-03,-60.3015E-03,-10.1431032E+00
+547.0000E-03,-60.3015E-03,-10.0973746E+00
+547.5000E-03,-58.2915E-03,-10.0908419E+00
+548.0000E-03,-60.3015E-03,-10.0908419E+00
+548.5000E-03,-56.2814E-03,-10.0908419E+00
+549.0000E-03,-56.2814E-03,-9.9928520E+00
+549.5000E-03,-56.2814E-03,-10.0451133E+00
+550.0000E-03,-56.0302E-03,-10.0908419E+00
+550.5000E-03,-56.2814E-03,-10.0451133E+00
+551.0000E-03,-52.2613E-03,-9.8883294E+00
+551.5000E-03,-52.2613E-03,-9.9863193E+00
+552.0000E-03,-52.2613E-03,-9.8817967E+00
+552.5000E-03,-48.2412E-03,-9.9405907E+00
+553.0000E-03,-52.0100E-03,-9.8817967E+00
+553.5000E-03,-48.2412E-03,-9.8817967E+00
+554.0000E-03,-47.9899E-03,-9.8817967E+00
+554.5000E-03,-45.9799E-03,-9.7772741E+00
+555.0000E-03,-44.2211E-03,-9.7772741E+00
+555.5000E-03,-45.9799E-03,-9.7772741E+00
+556.0000E-03,-44.2211E-03,-9.7772741E+00
+556.5000E-03,-42.2111E-03,-9.7315454E+00
+557.0000E-03,-43.9698E-03,-9.6727515E+00
+557.5000E-03,-40.2010E-03,-9.6727515E+00
+558.0000E-03,-36.1809E-03,-9.6727515E+00
+558.5000E-03,-36.1809E-03,-9.6204901E+00
+559.0000E-03,-36.1809E-03,-9.5747615E+00
+559.5000E-03,-40.2010E-03,-9.5682288E+00
+560.0000E-03,-32.1608E-03,-9.5747615E+00
+560.5000E-03,-32.1608E-03,-9.5682288E+00
+561.0000E-03,-35.9296E-03,-9.4702389E+00
+561.5000E-03,-32.1608E-03,-9.5225002E+00
+562.0000E-03,-32.1608E-03,-9.5682288E+00
+562.5000E-03,-30.1508E-03,-9.4637062E+00
+563.0000E-03,-28.1407E-03,-9.4637062E+00
+563.5000E-03,-28.1407E-03,-9.4637062E+00
+564.0000E-03,-28.1407E-03,-9.4637062E+00
+564.5000E-03,-24.1206E-03,-9.4637062E+00
+565.0000E-03,-24.1206E-03,-9.3657163E+00
+565.5000E-03,-21.8593E-03,-9.4179776E+00
+566.0000E-03,-23.8693E-03,-9.4637062E+00
+566.5000E-03,-22.1106E-03,-9.3591836E+00
+567.0000E-03,-20.1005E-03,-9.3657163E+00
+567.5000E-03,-21.8593E-03,-9.3591836E+00
+568.0000E-03,-16.0804E-03,-9.4637062E+00
+568.5000E-03,-16.0804E-03,-9.4179776E+00
+569.0000E-03,-16.0804E-03,-9.4637062E+00
+569.5000E-03,-16.0804E-03,-9.3591836E+00
+570.0000E-03,-16.0804E-03,-9.3591836E+00
+570.5000E-03,-14.0704E-03,-9.3591836E+00
+571.0000E-03,-12.0603E-03,-9.2611937E+00
+571.5000E-03,-12.0603E-03,-9.3591836E+00
+572.0000E-03,-12.0603E-03,-9.2611937E+00
+572.5000E-03,-12.0603E-03,-9.3591836E+00
+573.0000E-03,-11.8090E-03,-9.3591836E+00
+573.5000E-03,-12.0603E-03,-9.4114449E+00
+574.0000E-03,-4.0201E-03,-9.3591836E+00
+574.5000E-03,-5.7789E-03,-9.3591836E+00
+575.0000E-03,-4.0201E-03,-9.3591836E+00
+575.5000E-03,-1.7588E-03,-9.3591836E+00
+576.0000E-03,+0.0E+00,-9.3591836E+00
+576.5000E-03,+0.0E+00,-9.3591836E+00
+577.0000E-03,-3.7688E-03,-9.2546610E+00
+577.5000E-03,-2.0101E-03,-9.3591836E+00
+578.0000E-03,-3.7688E-03,-9.4637062E+00
+578.5000E-03,+4.0201E-03,-9.3591836E+00
+579.0000E-03,+4.0201E-03,-9.2546610E+00
+579.5000E-03,+5.7789E-03,-9.3591836E+00
+580.0000E-03,+4.0201E-03,-9.3657163E+00
+580.5000E-03,+6.0302E-03,-9.4114449E+00
+581.0000E-03,+4.0201E-03,-9.4637062E+00
+581.5000E-03,+8.0402E-03,-9.3591836E+00
+582.0000E-03,+8.0402E-03,-9.4637062E+00
+582.5000E-03,+12.0603E-03,-9.3591836E+00
+583.0000E-03,+15.8291E-03,-9.4637062E+00
+583.5000E-03,+10.0503E-03,-9.4637062E+00
+584.0000E-03,+12.0603E-03,-9.3657163E+00
+584.5000E-03,+14.0704E-03,-9.4637062E+00
+585.0000E-03,+12.0603E-03,-9.4637062E+00
+585.5000E-03,+16.0804E-03,-9.5159675E+00
+586.0000E-03,+19.8492E-03,-9.4637062E+00
+586.5000E-03,+18.0905E-03,-9.5682288E+00
+587.0000E-03,+16.0804E-03,-9.5682288E+00
+587.5000E-03,+18.0905E-03,-9.5225002E+00
+588.0000E-03,+20.1005E-03,-9.5682288E+00
+588.5000E-03,+22.1106E-03,-9.4637062E+00
+589.0000E-03,+20.1005E-03,-9.5682288E+00
+589.5000E-03,+24.1206E-03,-9.5225002E+00
+590.0000E-03,+24.1206E-03,-9.5682288E+00
+590.5000E-03,+24.1206E-03,-9.6270228E+00
+591.0000E-03,+24.1206E-03,-9.6727515E+00
+591.5000E-03,+26.1307E-03,-9.6204901E+00
+592.0000E-03,+28.1407E-03,-9.6727515E+00
+592.5000E-03,+28.1407E-03,-9.6727515E+00
+593.0000E-03,+32.1608E-03,-9.6727515E+00
+593.5000E-03,+32.1608E-03,-9.7250128E+00
+594.0000E-03,+32.1608E-03,-9.7772741E+00
+594.5000E-03,+31.9095E-03,-9.8360680E+00
+595.0000E-03,+35.9296E-03,-9.6792841E+00
+595.5000E-03,+36.1809E-03,-9.8360680E+00
+596.0000E-03,+36.1809E-03,-9.8817967E+00
+596.5000E-03,+36.1809E-03,-9.8817967E+00
+597.0000E-03,+36.1809E-03,-9.8817967E+00
+597.5000E-03,+40.2010E-03,-9.9340580E+00
+598.0000E-03,+40.2010E-03,-9.9863193E+00
+598.5000E-03,+42.2111E-03,-9.9863193E+00
+599.0000E-03,+44.2211E-03,-9.9928520E+00
+599.5000E-03,+44.2211E-03,-9.9863193E+00
+600.0000E-03,+44.2211E-03,-9.9928520E+00
+600.5000E-03,+46.2312E-03,-10.0908419E+00
+601.0000E-03,+44.2211E-03,-9.9928520E+00
+601.5000E-03,+44.2211E-03,-10.1953645E+00
+602.0000E-03,+52.0100E-03,-10.0973746E+00
+602.5000E-03,+50.2513E-03,-10.1496359E+00
+603.0000E-03,+52.0100E-03,-10.1953645E+00
+603.5000E-03,+50.0000E-03,-10.2541585E+00
+604.0000E-03,+52.2613E-03,-10.2998872E+00
+604.5000E-03,+56.2814E-03,-10.2998872E+00
+605.0000E-03,+56.0302E-03,-10.4044098E+00
+605.5000E-03,+56.2814E-03,-10.4044098E+00
+606.0000E-03,+56.2814E-03,-10.4044098E+00
+606.5000E-03,+56.2814E-03,-10.4044098E+00
+607.0000E-03,+60.0503E-03,-10.4044098E+00
+607.5000E-03,+56.2814E-03,-10.5089324E+00
+608.0000E-03,+60.3015E-03,-10.5089324E+00
+608.5000E-03,+60.3015E-03,-10.6134550E+00
+609.0000E-03,+60.3015E-03,-10.7179776E+00
+609.5000E-03,+62.3116E-03,-10.6722490E+00
+610.0000E-03,+64.3216E-03,-10.6199877E+00
+610.5000E-03,+64.3216E-03,-10.8225002E+00
+611.0000E-03,+68.0905E-03,-10.7245103E+00
+611.5000E-03,+66.3317E-03,-10.8225002E+00
+612.0000E-03,+68.3417E-03,-10.8225002E+00
+612.5000E-03,+68.3417E-03,-10.9270228E+00
+613.0000E-03,+72.1106E-03,-11.0250128E+00
+613.5000E-03,+72.3618E-03,-11.0315455E+00
+614.0000E-03,+72.1106E-03,-11.0315455E+00
+614.5000E-03,+74.1206E-03,-11.0772741E+00
+615.0000E-03,+72.3618E-03,-11.2340580E+00
+615.5000E-03,+76.3819E-03,-11.1883294E+00
+616.0000E-03,+80.4020E-03,-11.2405907E+00
+616.5000E-03,+78.3920E-03,-11.2405907E+00
+617.0000E-03,+80.4020E-03,-11.3385806E+00
+617.5000E-03,+78.1407E-03,-11.3451133E+00
+618.0000E-03,+80.4020E-03,-11.3451133E+00
+618.5000E-03,+82.4121E-03,-11.4496359E+00
+619.0000E-03,+84.4221E-03,-11.4496359E+00
+619.5000E-03,+88.4422E-03,-11.4496359E+00
+620.0000E-03,+84.4221E-03,-11.6586812E+00
+620.5000E-03,+86.4322E-03,-11.6064198E+00
+621.0000E-03,+88.4422E-03,-11.7632038E+00
+621.5000E-03,+84.4221E-03,-11.7632038E+00
+622.0000E-03,+88.4422E-03,-11.7632038E+00
+622.5000E-03,+90.2010E-03,-11.9199877E+00
+623.0000E-03,+92.4623E-03,-11.9657163E+00
+623.5000E-03,+92.4623E-03,-11.9199877E+00
+624.0000E-03,+92.4623E-03,-11.8677264E+00
+624.5000E-03,+94.4724E-03,-12.0179776E+00
+625.0000E-03,+96.4824E-03,-12.0767716E+00
+625.5000E-03,+96.4824E-03,-12.0767716E+00
+626.0000E-03,+96.2312E-03,-12.1812942E+00
+626.5000E-03,+92.4623E-03,-12.2858168E+00
+627.0000E-03,+88.4422E-03,-12.2858168E+00
+627.5000E-03,+92.4623E-03,-12.3838068E+00
+628.0000E-03,+92.4623E-03,-12.4883294E+00
+628.5000E-03,+90.2010E-03,-12.4426008E+00
+629.0000E-03,+92.2111E-03,-12.5993847E+00
+629.5000E-03,+90.4523E-03,-12.5993847E+00
+630.0000E-03,+92.2111E-03,-12.5993847E+00
+630.5000E-03,+88.4422E-03,-12.7039073E+00
+631.0000E-03,+84.4221E-03,-12.8018973E+00
+631.5000E-03,+84.4221E-03,-12.8084299E+00
+632.0000E-03,+84.1709E-03,-12.9129525E+00
+632.5000E-03,+82.4121E-03,-12.9129525E+00
+633.0000E-03,+80.4020E-03,-12.9129525E+00
+633.5000E-03,+80.4020E-03,-12.9586812E+00
+634.0000E-03,+80.4020E-03,-13.0109425E+00
+634.5000E-03,+78.1407E-03,-13.0697365E+00
+635.0000E-03,+76.3819E-03,-13.1219978E+00
+635.5000E-03,+76.3819E-03,-13.1742591E+00
+636.0000E-03,+76.1307E-03,-13.1219978E+00
+636.5000E-03,+74.3719E-03,-13.2787817E+00
+637.0000E-03,+68.3417E-03,-13.2265204E+00
+637.5000E-03,+72.3618E-03,-13.3767716E+00
+638.0000E-03,+72.3618E-03,-13.2265204E+00
+638.5000E-03,+68.0905E-03,-13.3833043E+00
+639.0000E-03,+68.3417E-03,-13.4355656E+00
+639.5000E-03,+68.3417E-03,-13.4878269E+00
+640.0000E-03,+68.3417E-03,-13.4355656E+00
+640.5000E-03,+66.0804E-03,-13.5400882E+00
+641.0000E-03,+64.3216E-03,-13.6380782E+00
+641.5000E-03,+64.3216E-03,-13.6446109E+00
+642.0000E-03,+64.3216E-03,-13.7426008E+00
+642.5000E-03,+62.0603E-03,-13.6968722E+00
+643.0000E-03,+64.0704E-03,-13.7491335E+00
+643.5000E-03,+60.3015E-03,-13.8536561E+00
+644.0000E-03,+64.0704E-03,-13.8536561E+00
+644.5000E-03,+58.0402E-03,-13.8536561E+00
+645.0000E-03,+56.2814E-03,-13.8536561E+00
+645.5000E-03,+54.2714E-03,-13.9059174E+00
+646.0000E-03,+56.2814E-03,-13.9581787E+00
+646.5000E-03,+54.0201E-03,-13.9581787E+00
+647.0000E-03,+52.0100E-03,-13.8536561E+00
+647.5000E-03,+50.2513E-03,-14.0104400E+00
+648.0000E-03,+52.0100E-03,-14.0627013E+00
+648.5000E-03,+45.9799E-03,-14.1149626E+00
+649.0000E-03,+48.2412E-03,-14.0627013E+00
+649.5000E-03,+45.9799E-03,-14.1672239E+00
+650.0000E-03,+47.9899E-03,-14.1672239E+00
+650.5000E-03,+46.2312E-03,-14.2129526E+00
+651.0000E-03,+44.2211E-03,-14.2717465E+00
+651.5000E-03,+45.9799E-03,-14.2194852E+00
+652.0000E-03,+43.9698E-03,-14.2717465E+00
+652.5000E-03,+42.2111E-03,-14.2717465E+00
+653.0000E-03,+40.2010E-03,-14.3762692E+00
+653.5000E-03,+37.9397E-03,-14.3762692E+00
+654.0000E-03,+40.2010E-03,-14.3762692E+00
+654.5000E-03,+36.1809E-03,-14.4285305E+00
+655.0000E-03,+36.1809E-03,-14.4807918E+00
+655.5000E-03,+36.1809E-03,-14.4807918E+00
+656.0000E-03,+36.1809E-03,-14.3762692E+00
+656.5000E-03,+34.1709E-03,-14.4807918E+00
+657.0000E-03,+36.1809E-03,-14.4807918E+00
+657.5000E-03,+32.1608E-03,-14.5853144E+00
+658.0000E-03,+32.1608E-03,-14.5787817E+00
+658.5000E-03,+28.1407E-03,-14.5853144E+00
+659.0000E-03,+28.1407E-03,-14.5853144E+00
+659.5000E-03,+28.1407E-03,-14.5853144E+00
+660.0000E-03,+27.8894E-03,-14.5853144E+00
+660.5000E-03,+25.8794E-03,-14.6898370E+00
+661.0000E-03,+24.1206E-03,-14.6898370E+00
+661.5000E-03,+24.1206E-03,-14.7355657E+00
+662.0000E-03,+23.8693E-03,-14.6833043E+00
+662.5000E-03,+22.1106E-03,-14.7943596E+00
+663.0000E-03,+20.1005E-03,-14.5853144E+00
+663.5000E-03,+19.8492E-03,-14.6375757E+00
+664.0000E-03,+20.1005E-03,-14.7878270E+00
+664.5000E-03,+18.0905E-03,-14.6898370E+00
+665.0000E-03,+12.0603E-03,-14.7878270E+00
+665.5000E-03,+18.0905E-03,-14.7420983E+00
+666.0000E-03,+15.8291E-03,-14.6898370E+00
+666.5000E-03,+16.0804E-03,-14.8466209E+00
+667.0000E-03,+12.0603E-03,-14.7878270E+00
+667.5000E-03,+12.0603E-03,-14.7943596E+00
+668.0000E-03,+11.8090E-03,-14.8923496E+00
+668.5000E-03,+12.0603E-03,-14.7943596E+00
+669.0000E-03,+7.7889E-03,-14.8923496E+00
+669.5000E-03,+10.0503E-03,-14.7355657E+00
+670.0000E-03,+8.0402E-03,-14.8988822E+00
+670.5000E-03,+8.0402E-03,-14.8988822E+00
+671.0000E-03,+7.7889E-03,-14.8988822E+00
+671.5000E-03,+4.0201E-03,-14.8466209E+00
+672.0000E-03,+4.0201E-03,-14.8923496E+00
+672.5000E-03,+1.7588E-03,-14.8988822E+00
+673.0000E-03,+0.0E+00,-14.8988822E+00
+673.5000E-03,+0.0E+00,-14.8400883E+00
+674.0000E-03,-3.7688E-03,-14.9968722E+00
+674.5000E-03,-2.0101E-03,-14.8988822E+00
+675.0000E-03,-3.7688E-03,-14.8988822E+00
+675.5000E-03,-4.0201E-03,-14.8400883E+00
+676.0000E-03,-4.0201E-03,-14.8988822E+00
+676.5000E-03,-5.7789E-03,-14.8466209E+00
+677.0000E-03,-8.0402E-03,-14.8988822E+00
+677.5000E-03,-5.7789E-03,-14.9511435E+00
+678.0000E-03,-8.0402E-03,-14.7943596E+00
+678.5000E-03,-12.0603E-03,-14.8400883E+00
+679.0000E-03,-8.0402E-03,-14.8988822E+00
+679.5000E-03,-10.0503E-03,-14.8400883E+00
+680.0000E-03,-12.0603E-03,-14.7943596E+00
+680.5000E-03,-14.0704E-03,-14.8400883E+00
+681.0000E-03,-16.0804E-03,-14.7943596E+00
+681.5000E-03,-17.8392E-03,-14.8400883E+00
+682.0000E-03,-16.0804E-03,-14.8923496E+00
+682.5000E-03,-16.0804E-03,-14.8400883E+00
+683.0000E-03,-16.0804E-03,-14.7943596E+00
+683.5000E-03,-20.1005E-03,-14.7355657E+00
+684.0000E-03,-23.8693E-03,-14.7943596E+00
+684.5000E-03,-20.1005E-03,-14.7355657E+00
+685.0000E-03,-24.1206E-03,-14.6898370E+00
+685.5000E-03,-24.1206E-03,-14.7878270E+00
+686.0000E-03,-24.1206E-03,-14.6898370E+00
+686.5000E-03,-25.8794E-03,-14.7355657E+00
+687.0000E-03,-24.1206E-03,-14.6898370E+00
+687.5000E-03,-28.1407E-03,-14.6898370E+00
+688.0000E-03,-28.1407E-03,-14.6833043E+00
+688.5000E-03,-28.1407E-03,-14.6898370E+00
+689.0000E-03,-28.1407E-03,-14.6833043E+00
+689.5000E-03,-30.1508E-03,-14.6310430E+00
+690.0000E-03,-32.1608E-03,-14.6833043E+00
+690.5000E-03,-32.1608E-03,-14.6375757E+00
+691.0000E-03,-32.1608E-03,-14.4807918E+00
+691.5000E-03,-34.1709E-03,-14.5265204E+00
+692.0000E-03,-36.1809E-03,-14.4807918E+00
+692.5000E-03,-36.1809E-03,-14.5853144E+00
+693.0000E-03,-39.9497E-03,-14.3762692E+00
+693.5000E-03,-40.2010E-03,-14.4219978E+00
+694.0000E-03,-40.2010E-03,-14.3762692E+00
+694.5000E-03,-42.2111E-03,-14.4807918E+00
+695.0000E-03,-44.2211E-03,-14.3762692E+00
+695.5000E-03,-42.2111E-03,-14.3762692E+00
+696.0000E-03,-47.9899E-03,-14.2717465E+00
+696.5000E-03,-46.2312E-03,-14.3240079E+00
+697.0000E-03,-47.9899E-03,-14.3697365E+00
+697.5000E-03,-45.9799E-03,-14.2717465E+00
+698.0000E-03,-48.2412E-03,-14.2717465E+00
+698.5000E-03,-50.2513E-03,-14.2129526E+00
+699.0000E-03,-48.2412E-03,-14.1672239E+00
+699.5000E-03,-52.2613E-03,-14.1672239E+00
+700.0000E-03,-52.2613E-03,-14.2652139E+00
+700.5000E-03,-54.2714E-03,-14.1149626E+00
+701.0000E-03,-52.2613E-03,-14.0627013E+00
+701.5000E-03,-56.2814E-03,-14.0627013E+00
+702.0000E-03,-56.2814E-03,-14.0627013E+00
+702.5000E-03,-56.2814E-03,-14.0104400E+00
+703.0000E-03,-56.2814E-03,-13.9581787E+00
+703.5000E-03,-60.3015E-03,-13.9581787E+00
+704.0000E-03,-60.3015E-03,-13.8536561E+00
+704.5000E-03,-60.3015E-03,-13.8993847E+00
+705.0000E-03,-60.3015E-03,-13.7491335E+00
+705.5000E-03,-62.0603E-03,-13.7491335E+00
+706.0000E-03,-64.3216E-03,-13.7426008E+00
+706.5000E-03,-62.3116E-03,-13.7491335E+00
+707.0000E-03,-68.3417E-03,-13.5400882E+00
+707.5000E-03,-70.3518E-03,-13.6446109E+00
+708.0000E-03,-72.3618E-03,-13.6446109E+00
+708.5000E-03,-68.3417E-03,-13.5400882E+00
+709.0000E-03,-72.1106E-03,-13.5400882E+00
+709.5000E-03,-70.1005E-03,-13.4355656E+00
+710.0000E-03,-76.1307E-03,-13.4355656E+00
+710.5000E-03,-72.3618E-03,-13.3767716E+00
+711.0000E-03,-76.3819E-03,-13.3310430E+00
+711.5000E-03,-72.3618E-03,-13.3310430E+00
+712.0000E-03,-80.1508E-03,-13.2265204E+00
+712.5000E-03,-78.1407E-03,-13.2265204E+00
+713.0000E-03,-80.4020E-03,-13.2265204E+00
+713.5000E-03,-80.4020E-03,-13.1219978E+00
+714.0000E-03,-80.4020E-03,-13.1219978E+00
+714.5000E-03,-82.4121E-03,-13.0697365E+00
+715.0000E-03,-84.1709E-03,-13.1154651E+00
+715.5000E-03,-84.4221E-03,-12.9129525E+00
+716.0000E-03,-84.4221E-03,-12.9129525E+00
+716.5000E-03,-86.4322E-03,-12.8541586E+00
+717.0000E-03,-84.4221E-03,-12.9064199E+00
+717.5000E-03,-88.4422E-03,-12.8084299E+00
+718.0000E-03,-88.4422E-03,-12.5993847E+00
+718.5000E-03,-88.4422E-03,-12.7039073E+00
+719.0000E-03,-88.4422E-03,-12.5993847E+00
+719.5000E-03,-92.4623E-03,-12.5993847E+00
+720.0000E-03,-92.4623E-03,-12.4948621E+00
+720.5000E-03,,
